{
  "exp_id": "training_run_13_focal_+_tversky_512p_aug_S",
  "weights": "MAIN_ITERATION_V2/experiments/training_run_13_focal_+_tversky_512p_aug_S/weights.pth",
  "arch": "smp.DeepLabV3Plus",
  "encoder": "tu-mobilenetv4_conv_small",
  "confidence_threshold": 0.6,
  "eval_input_hw": 512,
  "eval_strategy": "A: resize EDR to eval_input_hw, predict, upsample logits to native label size",
  "variants": {
    "masked-gold-min1-100agree": {
      "confusion_matrix": [
        [
          83157027,
          4349029,
          1560111,
          29982
        ],
        [
          3268833,
          55352345,
          487113,
          907662
        ],
        [
          231697,
          5352567,
          39129510,
          60578
        ],
        [
          60829,
          136755,
          17627,
          167022
        ]
      ],
      "class_names": [
        "soil",
        "bedrock",
        "sand",
        "big_rock"
      ],
      "pixel_accuracy": 0.9152576606439925,
      "mean_iou": 0.6615637853010337,
      "per_class_iou": {
        "soil": 0.8974666899092516,
        "bedrock": 0.7923970583115394,
        "sand": 0.8354008500101934,
        "big_rock": 0.12099054297315015
      },
      "per_class_precision": {
        "soil": 0.9589319040139884,
        "bedrock": 0.8490835103217796,
        "sand": 0.9498753967806419,
        "big_rock": 0.14333650291269467
      },
      "per_class_recall": {
        "soil": 0.9333403063245752,
        "bedrock": 0.9222938607673197,
        "sand": 0.87392688564203,
        "big_rock": 0.4369638414265644
      },
      "per_class_support": {
        "soil": 89096149,
        "bedrock": 60015953,
        "sand": 44774352,
        "big_rock": 382233
      },
      "confidence": {
        "threshold": 0.6,
        "overall_low_confidence_fraction": 0.016444086019894704,
        "overall_mean_confidence": 0.9660903430639557,
        "per_class_low_confidence_fraction": {
          "soil": 0.014599531120026299,
          "bedrock": 0.01895341060401057,
          "sand": 0.01639047729825325,
          "big_rock": 0.05867886864818056
        },
        "per_class_mean_confidence": {
          "soil": 0.9613118812138904,
          "bedrock": 0.9688240485613605,
          "sand": 0.9723457888135745,
          "big_rock": 0.9179340573057626
        },
        "per_class_pixel_count": {
          "soil": 89096149,
          "bedrock": 60015953,
          "sand": 44774352,
          "big_rock": 382233
        },
        "histogram_bin_edges": [
          0.0,
          0.05,
          0.1,
          0.15000000000000002,
          0.2,
          0.25,
          0.30000000000000004,
          0.35000000000000003,
          0.4,
          0.45,
          0.5,
          0.55,
          0.6000000000000001,
          0.65,
          0.7000000000000001,
          0.75,
          0.8,
          0.8500000000000001,
          0.9,
          0.9500000000000001,
          1.0
        ],
        "histogram_counts": [
          0,
          0,
          0,
          0,
          0,
          375,
          4822,
          33207,
          93359,
          280293,
          1362992,
          1419523,
          1511134,
          1656988,
          1779688,
          2124617,
          3035933,
          5340740,
          10039826,
          165585190
        ]
      },
      "num_images": 322
    },
    "masked-gold-min2-100agree": {
      "confusion_matrix": [
        [
          77561633,
          1569726,
          1105247,
          8286
        ],
        [
          1888097,
          42068929,
          205666,
          559726
        ],
        [
          103489,
          2226684,
          35990101,
          12342
        ],
        [
          8454,
          11638,
          858,
          108707
        ]
      ],
      "class_names": [
        "soil",
        "bedrock",
        "sand",
        "big_rock"
      ],
      "pixel_accuracy": 0.9528836036986034,
      "mean_iou": 0.7177105509074608,
      "per_class_iou": {
        "soil": 0.943056685851476,
        "bedrock": 0.8668560693400307,
        "sand": 0.9078233698001182,
        "big_rock": 0.1531060786382183
      },
      "per_class_precision": {
        "soil": 0.9748617654131029,
        "bedrock": 0.9169943564502954,
        "sand": 0.9648336415931082,
        "big_rock": 0.1577610690490392
      },
      "per_class_recall": {
        "soil": 0.966561622389622,
        "bedrock": 0.9406675864440067,
        "sand": 0.9388897694850776,
        "big_rock": 0.8384198307843002
      },
      "per_class_support": {
        "soil": 80244892,
        "bedrock": 44722418,
        "sand": 38332616,
        "big_rock": 129657
      },
      "confidence": {
        "threshold": 0.6,
        "overall_low_confidence_fraction": 0.012143847910326003,
        "overall_mean_confidence": 0.9723930531801332,
        "per_class_low_confidence_fraction": {
          "soil": 0.011326552723131586,
          "bedrock": 0.01471521508519508,
          "sand": 0.010830437453055643,
          "big_rock": 0.01933563170519139
        },
        "per_class_mean_confidence": {
          "soil": 0.9676059045626019,
          "bedrock": 0.9737433352925534,
          "sand": 0.9808556611482517,
          "big_rock": 0.9674757803120911
        },
        "per_class_pixel_count": {
          "soil": 80244892,
          "bedrock": 44722418,
          "sand": 38332616,
          "big_rock": 129657
        },
        "histogram_bin_edges": [
          0.0,
          0.05,
          0.1,
          0.15000000000000002,
          0.2,
          0.25,
          0.30000000000000004,
          0.35000000000000003,
          0.4,
          0.45,
          0.5,
          0.55,
          0.6000000000000001,
          0.65,
          0.7000000000000001,
          0.75,
          0.8,
          0.8500000000000001,
          0.9,
          0.9500000000000001,
          1.0
        ],
        "histogram_counts": [
          0,
          0,
          0,
          0,
          0,
          44,
          1101,
          14509,
          49008,
          157271,
          867030,
          895701,
          955514,
          1044348,
          1134996,
          1366780,
          1974377,
          3714788,
          7563330,
          143690786
        ]
      },
      "num_images": 321
    },
    "masked-gold-min3-100agree": {
      "confusion_matrix": [
        [
          58820062,
          417274,
          831670,
          13
        ],
        [
          514756,
          25559607,
          36886,
          81690
        ],
        [
          27646,
          873373,
          29737359,
          1527
        ],
        [
          1459,
          0,
          0,
          76239
        ]
      ],
      "class_names": [
        "soil",
        "bedrock",
        "sand",
        "big_rock"
      ],
      "pixel_accuracy": 0.9761813604344096,
      "mean_iou": 0.8294882088921067,
      "per_class_iou": {
        "soil": 0.9704218311355606,
        "bedrock": 0.9299953434024221,
        "sand": 0.9437896379642281,
        "big_rock": 0.47374602306621594
      },
      "per_class_precision": {
        "soil": 0.9908385266250008,
        "bedrock": 0.9519316651529628,
        "sand": 0.9716213026142169,
        "big_rock": 0.4780803792586647
      },
      "per_class_recall": {
        "soil": 0.9792079674216088,
        "bedrock": 0.9758205064349594,
        "sand": 0.97054344652831,
        "big_rock": 0.9812221678807691
      },
      "per_class_support": {
        "soil": 60069019,
        "bedrock": 26192939,
        "sand": 30639905,
        "big_rock": 77698
      },
      "confidence": {
        "threshold": 0.6,
        "overall_low_confidence_fraction": 0.007087263731482118,
        "overall_mean_confidence": 0.980038017018551,
        "per_class_low_confidence_fraction": {
          "soil": 0.009028014923966047,
          "bedrock": 0.005163032678387103,