{
  "exp_id": "011_dlv3plus_256_reseed2",
  "weights": "ITERATION-2/experiments/011_dlv3plus_256_reseed2/weights.pth",
  "arch": "smp.DeepLabV3Plus",
  "encoder": "tu-mobilenetv3_small_100",
  "confidence_threshold": 0.6,
  "eval_input_hw": 256,
  "eval_strategy": "A: resize EDR to eval_input_hw, predict, upsample logits to native label size",
  "variants": {
    "masked-gold-min1-100agree": {
      "confusion_matrix": [
        [
          84404348,
          3144118,
          1544383,
          3300
        ],
        [
          5611308,
          53271621,
          531666,
          601358
        ],
        [
          801916,
          5246146,
          38535878,
          190412
        ],
        [
          102643,
          148865,
          27031,
          103694
        ]
      ],
      "class_names": [
        "soil",
        "bedrock",
        "sand",
        "big_rock"
      ],
      "pixel_accuracy": 0.907586002267056,
      "mean_iou": 0.6424941054554647,
      "per_class_iou": {
        "soil": 0.8827797125415701,
        "bedrock": 0.7770630483674427,
        "sand": 0.822056080205076,
        "big_rock": 0.08807758070777022
      },
      "per_class_precision": {
        "soil": 0.9283342323816546,
        "bedrock": 0.8618504224588764,
        "sand": 0.9482496573854083,
        "big_rock": 0.115374002519015
      },
      "per_class_recall": {
        "soil": 0.9473400247635844,
        "bedrock": 0.8876243454802759,
        "sand": 0.860668580976895,
        "big_rock": 0.27128479226021823
      },
      "per_class_support": {
        "soil": 89096149,
        "bedrock": 60015953,
        "sand": 44774352,
        "big_rock": 382233
      },
      "confidence": {
        "threshold": 0.6,
        "overall_low_confidence_fraction": 0.03653563067526163,
        "overall_mean_confidence": 0.9367673496130532,
        "per_class_low_confidence_fraction": {
          "soil": 0.017845788149609024,
          "bedrock": 0.04739276572014111,
          "sand": 0.05800407787029503,
          "big_rock": 0.17350935162584077
        },
        "per_class_mean_confidence": {
          "soil": 0.9624641472090825,
          "bedrock": 0.9135382109069631,
          "sand": 0.9180418901234081,
          "big_rock": 0.787783624836882
        },
        "per_class_pixel_count": {
          "soil": 89096149,
          "bedrock": 60015953,
          "sand": 44774352,
          "big_rock": 382233
        },
        "histogram_bin_edges": [
          0.0,
          0.05,
          0.1,
          0.15000000000000002,
          0.2,
          0.25,
          0.30000000000000004,
          0.35000000000000003,
          0.4,
          0.45,
          0.5,
          0.55,
          0.6000000000000001,
          0.65,
          0.7000000000000001,
          0.75,
          0.8,
          0.8500000000000001,
          0.9,
          0.9500000000000001,
          1.0
        ],
        "histogram_counts": [
          0,
          0,
          0,
          0,
          0,
          673,
          15019,
          129239,
          318844,
          924658,
          2799953,
          2909343,
          3074326,
          3324090,
          3783205,
          4528115,
          5692131,
          8053184,
          16219794,
          142496113
        ]
      },
      "num_images": 322
    },
    "masked-gold-min2-100agree": {
      "confusion_matrix": [
        [
          77934307,
          1138490,
          1172035,
          60
        ],
        [
          3670598,
          40406706,
          224634,
          420480
        ],
        [
          483844,
          2301248,
          35392418,
          155106
        ],
        [
          29337,
          30461,
          3464,
          66395
        ]
      ],
      "class_names": [
        "soil",
        "bedrock",
        "sand",
        "big_rock"
      ],
      "pixel_accuracy": 0.9410770264279509,
      "mean_iou": 0.6866048102767786,
      "per_class_iou": {
        "soil": 0.923078689702459,
        "bedrock": 0.8384418302081417,
        "sand": 0.8907618750467027,
        "big_rock": 0.09413684614981079
      },
      "per_class_precision": {
        "soil": 0.949051674195134,
        "bedrock": 0.9209105792671566,
        "sand": 0.9619452046149233,
        "big_rock": 0.10341239889664368
      },
      "per_class_recall": {
        "soil": 0.971205830771135,
        "bedrock": 0.9035000298955213,
        "sand": 0.9232977472761056,
        "big_rock": 0.5120818775692789
      },
      "per_class_support": {
        "soil": 80244892,
        "bedrock": 44722418,
        "sand": 38332616,
        "big_rock": 129657
      },
      "confidence": {
        "threshold": 0.6,
        "overall_low_confidence_fraction": 0.027713562727502035,
        "overall_mean_confidence": 0.9477437251657603,
        "per_class_low_confidence_fraction": {
          "soil": 0.011968238426939375,
          "bedrock": 0.04286230677419991,
          "sand": 0.04269278152057245,
          "big_rock": 0.11872864558026176
        },
        "per_class_mean_confidence": {
          "soil": 0.9708979455286584,
          "bedrock": 0.918302889202671,
          "sand": 0.9341533418141931,
          "big_rock": 0.7905012018479752
        },
        "per_class_pixel_count": {
          "soil": 80244892,
          "bedrock": 44722418,
          "sand": 38332616,
          "big_rock": 129657
        },
        "histogram_bin_edges": [
          0.0,
          0.05,
          0.1,
          0.15000000000000002,
          0.2,
          0.25,
          0.30000000000000004,
          0.35000000000000003,
          0.4,
          0.45,
          0.5,
          0.55,
          0.6000000000000001,
          0.65,
          0.7000000000000001,
          0.75,
          0.8,
          0.8500000000000001,
          0.9,
          0.9500000000000001,
          1.0
        ],
        "histogram_counts": [
          0,
          0,
          0,
          0,
          0,
          52,
          5283,
          57110,
          174664,
          551009,
          1822785,
          1918313,
          2068601,
          2221867,
          2529711,
          3014665,
          3861477,
          5685668,
          12472863,
          127045515
        ]
      },
      "num_images": 321
    },
    "masked-gold-min3-100agree": {
      "confusion_matrix": [
        [
          58757172,
          338849,
          972998,
          0
        ],
        [
          1502852,
          24613796,
          17974,
          58317
        ],
        [
          297934,
          1102167,
          29097571,
          142233
        ],
        [
          9669,
          12409,
          0,
          55620
        ]
      ],
      "class_names": [
        "soil",
        "bedrock",
        "sand",
        "big_rock"
      ],
      "pixel_accuracy": 0.9619129875175374,
      "mean_iou": 0.7399136953399444,
      "per_class_iou": {
        "soil": 0.9495422019909219,
        "bedrock": 0.8903086134581748,
        "sand": 0.9199103458307527,
        "big_rock": 0.1998936200799287
      },
      "per_class_precision": {
        "soil": 0.970108536694033,
        "bedrock": 0.9442431933960279,
        "sand": 0.9670648060293249,
        "big_rock": 0.21712144279189602
      },
      "per_class_recall": {
        "soil": 0.978161005093158,
        "bedrock": 0.9397111183284931,
        "sand": 0.9496625723872185,
        "big_rock": 0.7158485417900075
      },
      "per_class_support": {
        "soil": 60069019,
        "bedrock": 26192939,
        "sand": 30639905,
        "big_rock": 77698
      },
      "confidence": {
        "threshold": 0.6,
        "overall_low_confidence_fraction": 0.02130798729873845,
        "overall_mean_confidence": 0.9587624090903278,
        "per_class_low_confidence_fraction": {
          "soil": 0.00853596427136591,
          "bedrock": 0.03317844553450073,
          "sand": 0.03597158672652542,