{
  "exp_id": "007_fpn_1024",
  "weights": "ITERATION-2/experiments/007_fpn_1024/weights.pth",
  "arch": "smp.FPN",
  "encoder": "tu-mobilenetv3_small_100",
  "confidence_threshold": 0.6,
  "eval_input_hw": null,
  "eval_strategy": "native: predict and compare at gold-label native resolution",
  "variants": {
    "masked-gold-min1-100agree": {
      "confusion_matrix": [
        [
          83311165,
          3909962,
          1847291,
          27731
        ],
        [
          3946062,
          54379604,
          335531,
          1354756
        ],
        [
          342904,
          6296294,
          37978683,
          156471
        ],
        [
          85668,
          133992,
          10489,
          152084
        ]
      ],
      "class_names": [
        "soil",
        "bedrock",
        "sand",
        "big_rock"
      ],
      "pixel_accuracy": 0.9050431066124414,
      "mean_iou": 0.63800004594086,
      "per_class_iou": {
        "soil": 0.8913070194351533,
        "bedrock": 0.772918424063289,
        "sand": 0.8086134283496286,
        "big_rock": 0.07916131191536917
      },
      "per_class_precision": {
        "soil": 0.9501101198838366,
        "bedrock": 0.8402306606016342,
        "sand": 0.9454019882607769,
        "big_rock": 0.08993508144682391
      },
      "per_class_recall": {
        "soil": 0.9350703249811616,
        "bedrock": 0.9060858202151685,
        "sand": 0.8482240681004161,
        "big_rock": 0.3978829666721607
      },
      "per_class_support": {
        "soil": 89096149,
        "bedrock": 60015953,
        "sand": 44774352,
        "big_rock": 382233
      },
      "confidence": {
        "threshold": 0.6,
        "overall_low_confidence_fraction": 0.03142003013589112,
        "overall_mean_confidence": 0.9505876860606598,
        "per_class_low_confidence_fraction": {
          "soil": 0.02388534211506717,
          "bedrock": 0.03626569089055372,
          "sand": 0.03917499464872211,
          "big_rock": 0.11846439213777983
        },
        "per_class_mean_confidence": {
          "soil": 0.9569742396151985,
          "bedrock": 0.945421465582149,
          "sand": 0.9456962293622029,
          "big_rock": 0.8460706044474944
        },
        "per_class_pixel_count": {
          "soil": 89096149,
          "bedrock": 60015953,
          "sand": 44774352,
          "big_rock": 382233
        },
        "histogram_bin_edges": [
          0.0,
          0.05,
          0.1,
          0.15000000000000002,
          0.2,
          0.25,
          0.30000000000000004,
          0.35000000000000003,
          0.4,
          0.45,
          0.5,
          0.55,
          0.6000000000000001,
          0.65,
          0.7000000000000001,
          0.75,
          0.8,
          0.8500000000000001,
          0.9,
          0.9500000000000001,
          1.0
        ],
        "histogram_counts": [
          0,
          0,
          0,
          0,
          0,
          1286,
          15997,
          122432,
          283716,
          799824,
          2424683,
          2455990,
          2499717,
          2653745,
          2917681,
          3452761,
          4242144,
          6185725,
          11051558,
          155161428
        ]
      },
      "num_images": 322
    },
    "masked-gold-min2-100agree": {
      "confusion_matrix": [
        [
          77534649,
          1267743,
          1429559,
          12941
        ],
        [
          2427095,
          41299829,
          103922,
          891572
        ],
        [
          217522,
          2961491,
          35057940,
          95663
        ],
        [
          23603,
          17400,
          2149,
          86505
        ]
      ],
      "class_names": [
        "soil",
        "bedrock",
        "sand",
        "big_rock"
      ],
      "pixel_accuracy": 0.9421728928966306,
      "mean_iou": 0.6836067513818845,
      "per_class_iou": {
        "soil": 0.935131333630319,
        "bedrock": 0.8433863289818231,
        "sand": 0.8793449302986642,
        "big_rock": 0.07656441261673186
      },
      "per_class_precision": {
        "soil": 0.9667316140523602,
        "bedrock": 0.9067625953743104,
        "sand": 0.9580355237272559,
        "big_rock": 0.07960477821918299
      },
      "per_class_recall": {
        "soil": 0.9662253517644462,
        "bedrock": 0.9234703946463717,
        "sand": 0.9145720709486668,
        "big_rock": 0.6671834147018673
      },
      "per_class_support": {
        "soil": 80244892,
        "bedrock": 44722418,
        "sand": 38332616,
        "big_rock": 129657
      },
      "confidence": {
        "threshold": 0.6,
        "overall_low_confidence_fraction": 0.024937021346985874,
        "overall_mean_confidence": 0.959337911922189,
        "per_class_low_confidence_fraction": {
          "soil": 0.017486932376954287,
          "bedrock": 0.03314814060366772,
          "sand": 0.030700617980259942,
          "big_rock": 0.09957040499163176
        },
        "per_class_mean_confidence": {
          "soil": 0.9657192812223788,
          "bedrock": 0.949795047403253,
          "sand": 0.9573448759280416,
          "big_rock": 0.89074129982418
        },
        "per_class_pixel_count": {
          "soil": 80244892,
          "bedrock": 44722418,
          "sand": 38332616,
          "big_rock": 129657
        },
        "histogram_bin_edges": [
          0.0,
          0.05,
          0.1,
          0.15000000000000002,
          0.2,
          0.25,
          0.30000000000000004,
          0.35000000000000003,
          0.4,
          0.45,
          0.5,
          0.55,
          0.6000000000000001,
          0.65,
          0.7000000000000001,
          0.75,
          0.8,
          0.8500000000000001,
          0.9,
          0.9500000000000001,
          1.0
        ],
        "histogram_counts": [
          0,
          0,
          0,
          0,
          0,
          1143,
          9225,
          74287,
          180795,
          500967,
          1632767,
          1676263,
          1710771,
          1809748,
          1976151,
          2303002,
          2840305,
          4313348,
          7977069,
          136423742
        ]
      },
      "num_images": 321
    },
    "masked-gold-min3-100agree": {
      "confusion_matrix": [
        [
          58554062,
          332737,
          1180902,
          1318
        ],
        [
          670187,
          25326902,
          7836,
          188014
        ],
        [
          90924,
          1382689,
          29097919,
          68373
        ],
        [
          6175,
          1826,
          0,
          69697
        ]
      ],
      "class_names": [
        "soil",
        "bedrock",
        "sand",
        "big_rock"
      ],
      "pixel_accuracy": 0.9663960014348147,
      "mean_iou": 0.7479836330594278,
      "per_class_iou": {
        "soil": 0.962485509269506,
        "bedrock": 0.9074428046730314,
        "sand": 0.9142054532453677,
        "big_rock": 0.20780076504980577
      },
      "per_class_precision": {
        "soil": 0.9870656007344945,
        "bedrock": 0.9365019146097157,
        "sand": 0.9607504387162967,
        "big_rock": 0.21287896836305215
      },
      "per_class_recall": {
        "soil": 0.9747797279659254,
        "bedrock": 0.9669362418627402,
        "sand": 0.9496739301247834,
        "big_rock": 0.8970243764318258
      },
      "per_class_support": {
        "soil": 60069019,
        "bedrock": 26192939,
        "sand": 30639905,
        "big_rock": 77698
      },
      "confidence": {
        "threshold": 0.6,
        "overall_low_confidence_fraction": 0.017583045981853188,
        "overall_mean_confidence": 0.9701971990884826,
        "per_class_low_confidence_fraction": {
          "soil": 0.01488546034021298,
          "bedrock": 0.01960528369878615,
          "sand": 0.021013609539585712,
          "big_rock": 0.06856032330304512
        },