{
  "exp_id": "005_dlv3plus_mobilevit_xs_512",
  "weights": "ITERATION-2/experiments/005_dlv3plus_mobilevit_xs_512/weights.pth",
  "arch": "smp.DeepLabV3Plus",
  "encoder": "tu-mobilevit_xs",
  "confidence_threshold": 0.6,
  "eval_input_hw": 512,
  "eval_strategy": "A: resize EDR to eval_input_hw, predict, upsample logits to native label size",
  "variants": {
    "masked-gold-min1-100agree": {
      "confusion_matrix": [
        [
          83836454,
          3934169,
          1315868,
          9658
        ],
        [
          2278968,
          56279826,
          600440,
          856719
        ],
        [
          252433,
          5052343,
          39346070,
          123506
        ],
        [
          86694,
          106066,
          32232,
          157241
        ]
      ],
      "class_names": [
        "soil",
        "bedrock",
        "sand",
        "big_rock"
      ],
      "pixel_accuracy": 0.9245936325291579,
      "mean_iou": 0.6712966739736046,
      "per_class_iou": {
        "soil": 0.9141050543904609,
        "bedrock": 0.8143687209904664,
        "sand": 0.8421154666539049,
        "big_rock": 0.11459745385958621
      },
      "per_class_precision": {
        "soil": 0.9697170937760603,
        "bedrock": 0.8609110657763175,
        "sand": 0.9528136965090601,
        "big_rock": 0.13707410881474016
      },
      "per_class_recall": {
        "soil": 0.9409660792409782,
        "bedrock": 0.937747768497486,
        "sand": 0.8787635832228237,
        "big_rock": 0.41137473739839314
      },
      "per_class_support": {
        "soil": 89096149,
        "bedrock": 60015953,
        "sand": 44774352,
        "big_rock": 382233
      },
      "confidence": {
        "threshold": 0.6,
        "overall_low_confidence_fraction": 0.019681051326609317,
        "overall_mean_confidence": 0.9642134821493417,
        "per_class_low_confidence_fraction": {
          "soil": 0.014031874710993401,
          "bedrock": 0.02334739231750598,
          "sand": 0.0250314287072206,
          "big_rock": 0.13406482433489522
        },
        "per_class_mean_confidence": {
          "soil": 0.9745160606927866,
          "bedrock": 0.9528683155126554,
          "sand": 0.9598574327918387,
          "big_rock": 0.8543595499031955
        },
        "per_class_pixel_count": {
          "soil": 89096149,
          "bedrock": 60015953,
          "sand": 44774352,
          "big_rock": 382233
        },
        "histogram_bin_edges": [
          0.0,
          0.05,
          0.1,
          0.15000000000000002,
          0.2,
          0.25,
          0.30000000000000004,
          0.35000000000000003,
          0.4,
          0.45,
          0.5,
          0.55,
          0.6000000000000001,
          0.65,
          0.7000000000000001,
          0.75,
          0.8,
          0.8500000000000001,
          0.9,
          0.9500000000000001,
          1.0
        ],
        "histogram_counts": [
          0,
          0,
          0,
          0,
          0,
          1511,
          17582,
          68447,
          134376,
          346342,
          1624555,
          1630599,
          1745049,
          1952854,
          2177670,
          2533155,
          3212668,
          4719153,
          9040064,
          165064662
        ]
      },
      "num_images": 322
    },
    "masked-gold-min2-100agree": {
      "confusion_matrix": [
        [
          78233206,
          1211354,
          798933,
          1399
        ],
        [
          1149640,
          42797461,
          217205,
          558112
        ],
        [
          148849,
          2121384,
          36020031,
          42352
        ],
        [
          22334,
          13233,
          3059,
          91031
        ]
      ],
      "class_names": [
        "soil",
        "bedrock",
        "sand",
        "big_rock"
      ],
      "pixel_accuracy": 0.961525607025504,
      "mean_iou": 0.7223157104679612,
      "per_class_iou": {
        "soil": 0.9591432625828143,
        "bedrock": 0.8903452329138802,
        "sand": 0.9153334561739253,
        "big_rock": 0.12444089020122484
      },
      "per_class_precision": {
        "soil": 0.9833971576725549,
        "bedrock": 0.9274875999687237,
        "sand": 0.972483308777386,
        "big_rock": 0.13137795968791763
      },
      "per_class_recall": {
        "soil": 0.9749306659917992,
        "bedrock": 0.9569576716536212,
        "sand": 0.9396705667048656,
        "big_rock": 0.7020909013782518
      },
      "per_class_support": {
        "soil": 80244892,
        "bedrock": 44722418,
        "sand": 38332616,
        "big_rock": 129657
      },
      "confidence": {
        "threshold": 0.6,
        "overall_low_confidence_fraction": 0.012624587067569033,
        "overall_mean_confidence": 0.9741846904272785,
        "per_class_low_confidence_fraction": {
          "soil": 0.00768156059079748,
          "bedrock": 0.01818604709611184,
          "sand": 0.016447455608038855,
          "big_rock": 0.02334621347092714
        },
        "per_class_mean_confidence": {
          "soil": 0.9833178270471191,
          "bedrock": 0.9600571542118591,
          "sand": 0.9716664281542017,
          "big_rock": 0.9391815587561602
        },
        "per_class_pixel_count": {
          "soil": 80244892,
          "bedrock": 44722418,
          "sand": 38332616,
          "big_rock": 129657
        },
        "histogram_bin_edges": [
          0.0,
          0.05,
          0.1,
          0.15000000000000002,
          0.2,
          0.25,
          0.30000000000000004,
          0.35000000000000003,
          0.4,
          0.45,
          0.5,
          0.55,
          0.6000000000000001,
          0.65,
          0.7000000000000001,
          0.75,
          0.8,
          0.8500000000000001,
          0.9,
          0.9500000000000001,
          1.0
        ],
        "histogram_counts": [
          0,
          0,
          0,
          0,
          0,
          510,
          5676,
          23936,
          49520,
          155395,
          908771,
          919423,
          1000393,
          1134103,
          1273045,
          1515596,
          1963451,
          2999607,
          6013433,
          145466724
        ]
      },
      "num_images": 321
    },
    "masked-gold-min3-100agree": {
      "confusion_matrix": [
        [
          59222615,
          307492,
          538912,
          0
        ],
        [
          405977,
          25652030,
          28552,
          106380
        ],
        [
          43215,
          928304,
          29645158,
          23228
        ],
        [
          4077,
          0,
          0,
          73621
        ]
      ],
      "class_names": [
        "soil",
        "bedrock",
        "sand",
        "big_rock"
      ],
      "pixel_accuracy": 0.979602103311022,
      "mean_iou": 0.8047058451954046,
      "per_class_iou": {
        "soil": 0.9785257127093411,
        "bedrock": 0.9352246831653009,
        "sand": 0.9499409578551784,
        "big_rock": 0.3551320270517978
      },
      "per_class_precision": {
        "soil": 0.9924044862075273,
        "bedrock": 0.9540388278323432,
        "sand": 0.9812176513511472,
        "big_rock": 0.36225637089194945
      },
      "per_class_recall": {
        "soil": 0.9859094752321492,
        "bedrock": 0.979349052811523,
        "sand": 0.9675342661800028,
        "big_rock": 0.9475276068882081
      },
      "per_class_support": {
        "soil": 60069019,
        "bedrock": 26192939,
        "sand": 30639905,
        "big_rock": 77698
      },
      "confidence": {
        "threshold": 0.6,
        "overall_low_confidence_fraction": 0.006575430728450075,
        "overall_mean_confidence": 0.9844047858242228,
        "per_class_low_confidence_fraction": {
          "soil": 0.0040527547153716625,
          "bedrock": 0.009211032026608392,
          "sand": 0.009263997391636821,