{
  "exp_id": "training_run_9_focal_+_tversky_512p_+++",
  "weights": "MAIN_ITERATION/experiments/training_run_9_focal_+_tversky_512p_+++/weights.pth",
  "arch": "smp.DeepLabV3Plus",
  "encoder": "tu-mobilenetv3_small_100",
  "confidence_threshold": 0.6,
  "eval_input_hw": 512,
  "eval_strategy": "A: resize EDR to eval_input_hw, predict, upsample logits to native label size",
  "variants": {
    "masked-gold-min1-100agree": {
      "confusion_matrix": [
        [
          83476664,
          4088973,
          1482322,
          48190
        ],
        [
          3116421,
          55075592,
          490607,
          1333333
        ],
        [
          172691,
          5502487,
          38995767,
          103407
        ],
        [
          59581,
          117030,
          19687,
          185935
        ]
      ],
      "class_names": [
        "soil",
        "bedrock",
        "sand",
        "big_rock"
      ],
      "pixel_accuracy": 0.9148873178928728,
      "mean_iou": 0.6565763741342099,
      "per_class_iou": {
        "soil": 0.9029888763290871,
        "bedrock": 0.7899036497143477,
        "sand": 0.8338314128040116,
        "big_rock": 0.09958155768939295
      },
      "per_class_precision": {
        "soil": 0.961431854521485,
        "bedrock": 0.8501408108244862,
        "sand": 0.9513858353475423,
        "big_rock": 0.11128068395711203
      },
      "per_class_recall": {
        "soil": 0.9369278575665487,
        "bedrock": 0.9176825368414961,
        "sand": 0.8709398407373936,
        "big_rock": 0.48644413224394545
      },
      "per_class_support": {
        "soil": 89096149,
        "bedrock": 60015953,
        "sand": 44774352,
        "big_rock": 382233
      },
      "confidence": {
        "threshold": 0.6,
        "overall_low_confidence_fraction": 0.018036524846641908,
        "overall_mean_confidence": 0.968853171138391,
        "per_class_low_confidence_fraction": {
          "soil": 0.01335135147086997,
          "bedrock": 0.021250233250482583,
          "sand": 0.022589494985879414,
          "big_rock": 0.07219418522210275
        },
        "per_class_mean_confidence": {
          "soil": 0.973409213138274,
          "bedrock": 0.9659045595138248,
          "sand": 0.964290738974988,
          "big_rock": 0.9042796870690353
        },
        "per_class_pixel_count": {
          "soil": 89096149,
          "bedrock": 60015953,
          "sand": 44774352,
          "big_rock": 382233
        },
        "histogram_bin_edges": [
          0.0,
          0.05,
          0.1,
          0.15000000000000002,
          0.2,
          0.25,
          0.30000000000000004,
          0.35000000000000003,
          0.4,
          0.45,
          0.5,
          0.55,
          0.6000000000000001,
          0.65,
          0.7000000000000001,
          0.75,
          0.8,
          0.8500000000000001,
          0.9,
          0.9500000000000001,
          1.0
        ],
        "histogram_counts": [
          0,
          0,
          0,
          0,
          0,
          119,
          5248,
          39545,
          111817,
          372013,
          1495439,
          1479751,
          1529820,
          1625680,
          1886616,
          2153264,
          2660419,
          4048863,
          8067963,
          168792130
        ]
      },
      "num_images": 322
    },
    "masked-gold-min2-100agree": {
      "confusion_matrix": [
        [
          77892551,
          1314721,
          1020920,
          16700
        ],
        [
          1744057,
          41880246,
          183333,
          914782
        ],
        [
          57095,
          2562403,
          35685225,
          27893
        ],
        [
          8578,
          11033,
          2118,
          107928
        ]
      ],
      "class_names": [
        "soil",
        "bedrock",
        "sand",
        "big_rock"
      ],
      "pixel_accuracy": 0.9518836623354782,
      "mean_iou": 0.7031149869097252,
      "per_class_iou": {
        "soil": 0.9492768244060645,
        "bedrock": 0.8615459907643553,
        "sand": 0.9025326066143273,
        "big_rock": 0.09910452585415305
      },
      "per_class_precision": {
        "soil": 0.9772938744375459,
        "bedrock": 0.9150471341549758,
        "sand": 0.9672995714254271,
        "big_rock": 0.10112217430289243
      },
      "per_class_recall": {
        "soil": 0.9706854736622986,
        "bedrock": 0.9364486061554185,
        "sand": 0.9309363336955662,
        "big_rock": 0.8324116707929383
      },
      "per_class_support": {
        "soil": 80244892,
        "bedrock": 44722418,
        "sand": 38332616,
        "big_rock": 129657
      },
      "confidence": {
        "threshold": 0.6,
        "overall_low_confidence_fraction": 0.013691046375612425,
        "overall_mean_confidence": 0.9762213927984005,
        "per_class_low_confidence_fraction": {
          "soil": 0.009138400983828354,
          "bedrock": 0.018835944872211515,
          "sand": 0.017195956571291665,
          "big_rock": 0.02049253029146132
        },
        "per_class_mean_confidence": {
          "soil": 0.9809042533858718,
          "bedrock": 0.9708129873478939,
          "sand": 0.9727684320099473,
          "big_rock": 0.9643620033722841
        },
        "per_class_pixel_count": {
          "soil": 80244892,
          "bedrock": 44722418,
          "sand": 38332616,
          "big_rock": 129657
        },
        "histogram_bin_edges": [
          0.0,
          0.05,
          0.1,
          0.15000000000000002,
          0.2,
          0.25,
          0.30000000000000004,
          0.35000000000000003,
          0.4,
          0.45,
          0.5,
          0.55,
          0.6000000000000001,
          0.65,
          0.7000000000000001,
          0.75,
          0.8,
          0.8500000000000001,
          0.9,
          0.9500000000000001,
          1.0
        ],
        "histogram_counts": [
          0,
          0,
          0,
          0,
          0,
          44,
          2724,
          19217,
          52182,
          219770,
          992970,
          950615,
          966012,
          1000986,
          1145981,
          1284407,
          1578643,
          2531099,
          5276231,
          147408702
        ]
      },
      "num_images": 321
    },
    "masked-gold-min3-100agree": {
      "confusion_matrix": [
        [
          59174548,
          317918,
          572873,
          3680
        ],
        [
          426236,
          25594753,
          29128,
          142822
        ],
        [
          15939,
          1291765,
          29320611,
          11590
        ],
        [
          1188,
          0,
          0,
          76510
        ]
      ],
      "class_names": [
        "soil",
        "bedrock",
        "sand",
        "big_rock"
      ],
      "pixel_accuracy": 0.9759518759007824,
      "mean_iou": 0.7903663975360714,
      "per_class_iou": {
        "soil": 0.9778915660599842,
        "bedrock": 0.9205877416885357,
        "sand": 0.9385026316896287,
        "big_rock": 0.32448365070613683
      },
      "per_class_precision": {
        "soil": 0.9925632583805226,
        "bedrock": 0.9408301278512078,
        "sand": 0.9798814020647663,
        "big_rock": 0.32612680198804783
      },
      "per_class_recall": {
        "soil": 0.9851092790444937,
        "bedrock": 0.9771623184400956,
        "sand": 0.9569419683252934,
        "big_rock": 0.9847100311462329
      },
      "per_class_support": {
        "soil": 60069019,
        "bedrock": 26192939,
        "sand": 30639905,
        "big_rock": 77698
      },
      "confidence": {
        "threshold": 0.6,
        "overall_low_confidence_fraction": 0.007409867096355405,
        "overall_mean_confidence": 0.9847158165294206,
        "per_class_low_confidence_fraction": {
          "soil": 0.004712212796416735,
          "bedrock": 0.005669314161347071,