{
  "exp_id": "002_dlv3plus_512",
  "weights": "ITERATION-2/experiments/002_dlv3plus_512/weights.pth",
  "arch": "smp.DeepLabV3Plus",
  "encoder": "tu-mobilenetv3_small_100",
  "confidence_threshold": 0.6,
  "eval_input_hw": 512,
  "eval_strategy": "A: resize EDR to eval_input_hw, predict, upsample logits to native label size",
  "variants": {
    "masked-gold-min1-100agree": {
      "confusion_matrix": [
        [
          81842384,
          4663730,
          2564789,
          25246
        ],
        [
          3543336,
          55421152,
          577903,
          473562
        ],
        [
          235112,
          6011107,
          38483062,
          45071
        ],
        [
          62551,
          170244,
          17572,
          131866
        ]
      ],
      "class_names": [
        "soil",
        "bedrock",
        "sand",
        "big_rock"
      ],
      "pixel_accuracy": 0.9053361440590784,
      "mean_iou": 0.6519854729999587,
      "per_class_iou": {
        "soil": 0.8806207825529572,
        "bedrock": 0.7821104049935258,
        "sand": 0.8028240384777464,
        "big_rock": 0.14238666597560554
      },
      "per_class_precision": {
        "soil": 0.955172183152479,
        "bedrock": 0.8363407649865958,
        "sand": 0.9241111528891809,
        "big_rock": 0.19514165846584142
      },
      "per_class_recall": {
        "soil": 0.9185849772249977,
        "bedrock": 0.9234403392711268,
        "sand": 0.8594889770822367,
        "big_rock": 0.3449885279397645
      },
      "per_class_support": {
        "soil": 89096149,
        "bedrock": 60015953,
        "sand": 44774352,
        "big_rock": 382233
      },
      "confidence": {
        "threshold": 0.6,
        "overall_low_confidence_fraction": 0.03197284181984511,
        "overall_mean_confidence": 0.945937881828805,
        "per_class_low_confidence_fraction": {
          "soil": 0.029605016935131505,
          "bedrock": 0.038878546175880935,
          "sand": 0.026312519274427466,
          "big_rock": 0.16264948343026375
        },
        "per_class_mean_confidence": {
          "soil": 0.9436406055154536,
          "bedrock": 0.9425800458247927,
          "sand": 0.9562429579823702,
          "big_rock": 0.8015209775335367
        },
        "per_class_pixel_count": {
          "soil": 89096149,
          "bedrock": 60015953,
          "sand": 44774352,
          "big_rock": 382233
        },
        "histogram_bin_edges": [
          0.0,
          0.05,
          0.1,
          0.15000000000000002,
          0.2,
          0.25,
          0.30000000000000004,
          0.35000000000000003,
          0.4,
          0.45,
          0.5,
          0.55,
          0.6000000000000001,
          0.65,
          0.7000000000000001,
          0.75,
          0.8,
          0.8500000000000001,
          0.9,
          0.9500000000000001,
          1.0
        ],
        "histogram_counts": [
          0,
          0,
          0,
          0,
          0,
          263,
          10751,
          66478,
          153549,
          577661,
          2726649,
          2675971,
          2687199,
          2867893,
          3274417,
          4006971,
          5078951,
          6699958,
          11900509,
          151541467
        ]
      },
      "num_images": 322
    },
    "masked-gold-min2-100agree": {
      "confusion_matrix": [
        [
          76228076,
          1876715,
          2133236,
          6865
        ],
        [
          1993804,
          42141942,
          269268,
          317404
        ],
        [
          127954,
          2640060,
          35557675,
          6927
        ],
        [
          13367,
          33499,
          2321,
          80470
        ]
      ],
      "class_names": [
        "soil",
        "bedrock",
        "sand",
        "big_rock"
      ],
      "pixel_accuracy": 0.9423518078731192,
      "mean_iou": 0.7070158183537922,
      "per_class_iou": {
        "soil": 0.9253224116231974,
        "bedrock": 0.8552798779494329,
        "sand": 0.8728499907492963,
        "big_rock": 0.17461099309324232
      },
      "per_class_precision": {
        "soil": 0.9727534739169218,
        "bedrock": 0.9025474824326178,
        "sand": 0.9366526177148502,
        "big_rock": 0.19547400076761257
      },
      "per_class_recall": {
        "soil": 0.9499430318879363,
        "bedrock": 0.942300168117028,
        "sand": 0.927608880124435,
        "big_rock": 0.6206375282476071
      },
      "per_class_support": {
        "soil": 80244892,
        "bedrock": 44722418,
        "sand": 38332616,
        "big_rock": 129657
      },
      "confidence": {
        "threshold": 0.6,
        "overall_low_confidence_fraction": 0.026380762410683017,
        "overall_mean_confidence": 0.9539682851071305,
        "per_class_low_confidence_fraction": {
          "soil": 0.023814811788892432,
          "bedrock": 0.036755324812714735,
          "sand": 0.01920445502597579,
          "big_rock": 0.15761586339341493
        },
        "per_class_mean_confidence": {
          "soil": 0.9521468266903209,
          "bedrock": 0.9475134707564702,
          "sand": 0.965858719237217,
          "big_rock": 0.7923587604390514
        },
        "per_class_pixel_count": {
          "soil": 80244892,
          "bedrock": 44722418,
          "sand": 38332616,
          "big_rock": 129657
        },
        "histogram_bin_edges": [
          0.0,
          0.05,
          0.1,
          0.15000000000000002,
          0.2,
          0.25,
          0.30000000000000004,
          0.35000000000000003,
          0.4,
          0.45,
          0.5,
          0.55,
          0.6000000000000001,
          0.65,
          0.7000000000000001,
          0.75,
          0.8,
          0.8500000000000001,
          0.9,
          0.9500000000000001,
          1.0
        ],
        "histogram_counts": [
          0,
          0,
          0,
          0,
          0,
          8,
          5109,
          36000,
          82441,
          353317,
          1940555,
          1893967,
          1833046,
          1934502,
          2203399,
          2735110,
          3577484,
          4928654,
          9133007,
          132772984
        ]
      },
      "num_images": 321
    },
    "masked-gold-min3-100agree": {
      "confusion_matrix": [
        [
          57908175,
          605054,
          1555615,
          175
        ],
        [
          623988,
          25520158,
          37509,
          11284
        ],
        [
          38942,
          1087828,
          29510676,
          2459
        ],
        [
          3008,
          13255,
          614,
          60821
        ]
      ],
      "class_names": [
        "soil",
        "bedrock",
        "sand",
        "big_rock"
      ],
      "pixel_accuracy": 0.9659792619669687,
      "mean_iou": 0.8618953018880187,
      "per_class_iou": {
        "soil": 0.9534570840315241,
        "bedrock": 0.914731297911085,
        "sand": 0.9155240690603913,
        "big_rock": 0.6638687565490744
      },
      "per_class_precision": {
        "soil": 0.9886308478969199,
        "bedrock": 0.9373349550498884,
        "sand": 0.9487616773619333,
        "big_rock": 0.8137786162512209
      },
      "per_class_recall": {
        "soil": 0.9640273133143726,
        "bedrock": 0.9743144135142681,
        "sand": 0.9631451533547509,
        "big_rock": 0.7827872017297742
      },
      "per_class_support": {
        "soil": 60069019,
        "bedrock": 26192939,
        "sand": 30639905,
        "big_rock": 77698
      },
      "confidence": {
        "threshold": 0.6,
        "overall_low_confidence_fraction": 0.016920562729757553,
        "overall_mean_confidence": 0.9660101147990873,
        "per_class_low_confidence_fraction": {
          "soil": 0.01671863494224868,
          "bedrock": 0.020696264745242984,
          "sand": 0.01374694210050586,