{
  "exp_id": "training_run_12_focal_+_tversky_512p_25epo",
  "weights": "MAIN_ITERATION_V2/experiments/training_run_12_focal_+_tversky_512p_25epo/weights.pth",
  "arch": "smp.DeepLabV3Plus",
  "encoder": "tu-mobilenetv4_conv_small",
  "confidence_threshold": 0.6,
  "eval_input_hw": 512,
  "eval_strategy": "A: resize EDR to eval_input_hw, predict, upsample logits to native label size",
  "variants": {
    "masked-gold-min1-100agree": {
      "confusion_matrix": [
        [
          83322277,
          4528800,
          1213114,
          31958
        ],
        [
          2182951,
          55970158,
          545774,
          1317070
        ],
        [
          319447,
          4984202,
          39357376,
          113327
        ],
        [
          54264,
          94523,
          30003,
          203443
        ]
      ],
      "class_names": [
        "soil",
        "bedrock",
        "sand",
        "big_rock"
      ],
      "pixel_accuracy": 0.9206489051938669,
      "mean_iou": 0.6671357250820276,
      "per_class_iou": {
        "soil": 0.9091077086550025,
        "bedrock": 0.8038977598907081,
        "sand": 0.8452455942555376,
        "big_rock": 0.11029183752686236
      },
      "per_class_precision": {
        "soil": 0.9702294645256389,
        "bedrock": 0.8534939851412561,
        "sand": 0.9565236136731432,
        "big_rock": 0.12212945387135775
      },
      "per_class_recall": {
        "soil": 0.9351950441763762,
        "bedrock": 0.9325880070587232,
        "sand": 0.8790160938565901,
        "big_rock": 0.532248654616425
      },
      "per_class_support": {
        "soil": 89096149,
        "bedrock": 60015953,
        "sand": 44774352,
        "big_rock": 382233
      },
      "confidence": {
        "threshold": 0.6,
        "overall_low_confidence_fraction": 0.015825813451861133,
        "overall_mean_confidence": 0.9704142140910763,
        "per_class_low_confidence_fraction": {
          "soil": 0.014107455979943645,
          "bedrock": 0.017162903336717824,
          "sand": 0.017178584739763515,
          "big_rock": 0.047960275538742075
        },
        "per_class_mean_confidence": {
          "soil": 0.9733326832972142,
          "bedrock": 0.9655438144237085,
          "sand": 0.9715329910741112,
          "big_rock": 0.9238059825623863
        },
        "per_class_pixel_count": {
          "soil": 89096149,
          "bedrock": 60015953,
          "sand": 44774352,
          "big_rock": 382233
        },
        "histogram_bin_edges": [
          0.0,
          0.05,
          0.1,
          0.15000000000000002,
          0.2,
          0.25,
          0.30000000000000004,
          0.35000000000000003,
          0.4,
          0.45,
          0.5,
          0.55,
          0.6000000000000001,
          0.65,
          0.7000000000000001,
          0.75,
          0.8,
          0.8500000000000001,
          0.9,
          0.9500000000000001,
          1.0
        ],
        "histogram_counts": [
          0,
          0,
          0,
          0,
          0,
          321,
          6756,
          53354,
          125690,
          301497,
          1259873,
          1326969,
          1439468,
          1550282,
          1789167,
          2211540,
          2891109,
          4029208,
          7487328,
          169796125
        ]
      },
      "num_images": 322
    },
    "masked-gold-min2-100agree": {
      "confusion_matrix": [
        [
          77839815,
          1597989,
          803897,
          3191
        ],
        [
          1140472,
          42493549,
          212562,
          875835
        ],
        [
          181985,
          2035422,
          36074401,
          40808
        ],
        [
          8632,
          11662,
          617,
          108746
        ]
      ],
      "class_names": [
        "soil",
        "bedrock",
        "sand",
        "big_rock"
      ],
      "pixel_accuracy": 0.9576999960894473,
      "mean_iou": 0.7132846295943629,
      "per_class_iou": {
        "soil": 0.9542001707585962,
        "bedrock": 0.8785559912545391,
        "sand": 0.9167645073308325,
        "big_rock": 0.10361784903348385
      },
      "per_class_precision": {
        "soil": 0.9831871441053648,
        "bedrock": 0.9209973587854444,
        "sand": 0.9725792531799151,
        "big_rock": 0.10572439674113827
      },
      "per_class_recall": {
        "soil": 0.9700282854141046,
        "bedrock": 0.9501621535758643,
        "sand": 0.9410889410730539,
        "big_rock": 0.8387206244167303
      },
      "per_class_support": {
        "soil": 80244892,
        "bedrock": 44722418,
        "sand": 38332616,
        "big_rock": 129657
      },
      "confidence": {
        "threshold": 0.6,
        "overall_low_confidence_fraction": 0.01146948407743291,
        "overall_mean_confidence": 0.9781057114071328,
        "per_class_low_confidence_fraction": {
          "soil": 0.00970202564419926,
          "bedrock": 0.015182296270295582,
          "sand": 0.01083375055853219,
          "big_rock": 0.012648757876551208
        },
        "per_class_mean_confidence": {
          "soil": 0.9812126959182672,
          "bedrock": 0.9701918081540702,
          "sand": 0.9808414858506965,
          "big_rock": 0.9760993526730624
        },
        "per_class_pixel_count": {
          "soil": 80244892,
          "bedrock": 44722418,
          "sand": 38332616,
          "big_rock": 129657
        },
        "histogram_bin_edges": [
          0.0,
          0.05,
          0.1,
          0.15000000000000002,
          0.2,
          0.25,
          0.30000000000000004,
          0.35000000000000003,
          0.4,
          0.45,
          0.5,
          0.55,
          0.6000000000000001,
          0.65,
          0.7000000000000001,
          0.75,
          0.8,
          0.8500000000000001,
          0.9,
          0.9500000000000001,
          1.0
        ],
        "histogram_counts": [
          0,
          0,
          0,
          0,
          0,
          55,
          2710,
          24077,
          58463,
          155365,
          791915,
          841868,
          903553,
          941328,
          1050162,
          1285445,
          1650351,
          2339683,
          4841311,
          148543297
        ]
      },
      "num_images": 321
    },
    "masked-gold-min3-100agree": {
      "confusion_matrix": [
        [
          59146169,
          405155,
          516528,
          1167
        ],
        [
          344881,
          25661646,
          30575,
          155837
        ],
        [
          77183,
          801361,
          29741158,
          20203
        ],
        [
          1329,
          0,
          0,
          76369
        ]
      ],
      "class_names": [
        "soil",
        "bedrock",
        "sand",
        "big_rock"
      ],
      "pixel_accuracy": 0.9798749543948109,
      "mean_iou": 0.7918893872208124,
      "per_class_iou": {
        "soil": 0.9777452583639746,
        "bedrock": 0.9365750523139967,
        "sand": 0.9536393487954984,
        "big_rock": 0.2995978894097801
      },
      "per_class_precision": {
        "soil": 0.9928924607503409,
        "bedrock": 0.9550949558812397,
        "sand": 0.9819367972297914,
        "big_rock": 0.30116809161750324
      },
      "per_class_recall": {
        "soil": 0.984636839166626,
        "bedrock": 0.9797161746530239,
        "sand": 0.9706674351633923,
        "big_rock": 0.9828953126206594
      },
      "per_class_support": {
        "soil": 60069019,
        "bedrock": 26192939,
        "sand": 30639905,
        "big_rock": 77698
      },
      "confidence": {
        "threshold": 0.6,
        "overall_low_confidence_fraction": 0.005898543250645299,
        "overall_mean_confidence": 0.9868445855986719,
        "per_class_low_confidence_fraction": {
          "soil": 0.005497076621144754,
          "bedrock": 0.006608803998665442,