{
  "exp_id": "008_fpn_256",
  "weights": "ITERATION-2/experiments/008_fpn_256/weights.pth",
  "arch": "smp.FPN",
  "encoder": "tu-mobilenetv3_small_100",
  "confidence_threshold": 0.6,
  "eval_input_hw": 256,
  "eval_strategy": "A: resize EDR to eval_input_hw, predict, upsample logits to native label size",
  "variants": {
    "masked-gold-min1-100agree": {
      "confusion_matrix": [
        [
          83544032,
          2635682,
          2909254,
          7181
        ],
        [
          5448868,
          52879064,
          759075,
          928946
        ],
        [
          1412703,
          5382712,
          37855099,
          123838
        ],
        [
          103530,
          120233,
          19977,
          138493
        ]
      ],
      "class_names": [
        "soil",
        "bedrock",
        "sand",
        "big_rock"
      ],
      "pixel_accuracy": 0.8978116375491847,
      "mean_iou": 0.6306782611602313,
      "per_class_iou": {
        "soil": 0.8696954495178857,
        "bedrock": 0.7758695600501097,
        "sand": 0.781118918405177,
        "big_rock": 0.09602911666775298
      },
      "per_class_precision": {
        "soil": 0.9230453240558607,
        "bedrock": 0.8666185680477486,
        "sand": 0.9112180140265345,
        "big_rock": 0.1155593270686165
      },
      "per_class_recall": {
        "soil": 0.9376839845232817,
        "bedrock": 0.8810834679239368,
        "sand": 0.8454639164850448,
        "big_rock": 0.36232612045532436
      },
      "per_class_support": {
        "soil": 89096149,
        "bedrock": 60015953,
        "sand": 44774352,
        "big_rock": 382233
      },
      "confidence": {
        "threshold": 0.6,
        "overall_low_confidence_fraction": 0.03390388899884828,
        "overall_mean_confidence": 0.9458384274543046,
        "per_class_low_confidence_fraction": {
          "soil": 0.02507932189078116,
          "bedrock": 0.03592954693229648,
          "sand": 0.0479982379197805,
          "big_rock": 0.12180267009912801
        },
        "per_class_mean_confidence": {
          "soil": 0.9602052439090614,
          "bedrock": 0.9345916091021675,
          "sand": 0.9331496850707806,
          "big_rock": 0.8492761736194855
        },
        "per_class_pixel_count": {
          "soil": 89096149,
          "bedrock": 60015953,
          "sand": 44774352,
          "big_rock": 382233
        },
        "histogram_bin_edges": [
          0.0,
          0.05,
          0.1,
          0.15000000000000002,
          0.2,
          0.25,
          0.30000000000000004,
          0.35000000000000003,
          0.4,
          0.45,
          0.5,
          0.55,
          0.6000000000000001,
          0.65,
          0.7000000000000001,
          0.75,
          0.8,
          0.8500000000000001,
          0.9,
          0.9500000000000001,
          1.0
        ],
        "histogram_counts": [
          0,
          0,
          0,
          0,
          0,
          2346,
          32207,
          215112,
          400611,
          698143,
          2644873,
          2593172,
          2751102,
          3022216,
          3404847,
          3948609,
          4933825,
          6509660,
          11314880,
          151797084
        ]
      },
      "num_images": 322
    },
    "masked-gold-min2-100agree": {
      "confusion_matrix": [
        [
          76797599,
          929802,
          2517491,
          0
        ],
        [
          3474044,
          40337218,
          315534,
          595622
        ],
        [
          934049,
          2465316,
          34883243,
          50008
        ],
        [
          29041,
          14254,
          3653,
          82709
        ]
      ],
      "class_names": [
        "soil",
        "bedrock",
        "sand",
        "big_rock"
      ],
      "pixel_accuracy": 0.9306807629803473,
      "mean_iou": 0.6747363465648792,
      "per_class_iou": {
        "soil": 0.9068937368125793,
        "bedrock": 0.8380577161165209,
        "sand": 0.8473121496812649,
        "big_rock": 0.10668178364915186
      },
      "per_class_precision": {
        "soil": 0.9453788566031232,
        "bedrock": 0.9220654226992321,
        "sand": 0.9247962900028344,
        "big_rock": 0.11355838421394433
      },
      "per_class_recall": {
        "soil": 0.95704034345264,
        "bedrock": 0.9019462677532328,
        "sand": 0.9100146726223955,
        "big_rock": 0.6379061678119963
      },
      "per_class_support": {
        "soil": 80244892,
        "bedrock": 44722418,
        "sand": 38332616,
        "big_rock": 129657
      },
      "confidence": {
        "threshold": 0.6,
        "overall_low_confidence_fraction": 0.028458892904352575,
        "overall_mean_confidence": 0.9530227989779904,
        "per_class_low_confidence_fraction": {
          "soil": 0.022077280632392154,
          "bedrock": 0.03104894730870768,
          "sand": 0.0387538904206277,
          "big_rock": 0.04098506058292264
        },
        "per_class_mean_confidence": {
          "soil": 0.9646410182881503,
          "bedrock": 0.9385826349490847,
          "sand": 0.9456719668903253,
          "big_rock": 0.9165644636018615
        },
        "per_class_pixel_count": {
          "soil": 80244892,
          "bedrock": 44722418,
          "sand": 38332616,
          "big_rock": 129657
        },
        "histogram_bin_edges": [
          0.0,
          0.05,
          0.1,
          0.15000000000000002,
          0.2,
          0.25,
          0.30000000000000004,
          0.35000000000000003,
          0.4,
          0.45,
          0.5,
          0.55,
          0.6000000000000001,
          0.65,
          0.7000000000000001,
          0.75,
          0.8,
          0.8500000000000001,
          0.9,
          0.9500000000000001,
          1.0
        ],
        "histogram_counts": [
          0,
          0,
          0,
          0,
          0,
          703,
          21122,
          156760,
          282652,
          439640,
          1912067,
          1838081,
          2006382,
          2223709,
          2505401,
          2856783,
          3518697,
          4586593,
          8307196,
          132773797
        ]
      },
      "num_images": 321
    },
    "masked-gold-min3-100agree": {
      "confusion_matrix": [
        [
          57613054,
          248767,
          2207198,
          0
        ],
        [
          1485241,
          24590252,
          33856,
          83590
        ],
        [
          750192,
          1138310,
          28713739,
          37664
        ],
        [
          9551,
          0,
          0,
          68147
        ]
      ],
      "class_names": [
        "soil",
        "bedrock",
        "sand",
        "big_rock"
      ],
      "pixel_accuracy": 0.948757125187023,
      "mean_iou": 0.7579875808839182,
      "per_class_iou": {
        "soil": 0.9245603111069594,
        "bedrock": 0.8915967271375042,
        "sand": 0.8732634288434227,
        "big_rock": 0.3425298564477864
      },
      "per_class_precision": {
        "soil": 0.9624948615923562,
        "bedrock": 0.9466043256410234,
        "sand": 0.9276023587041916,
        "big_rock": 0.3598027465536085
      },
      "per_class_recall": {
        "soil": 0.9591142815233923,
        "bedrock": 0.9388122501258832,
        "sand": 0.9371353794993816,
        "big_rock": 0.8770753429946717
      },
      "per_class_support": {
        "soil": 60069019,
        "bedrock": 26192939,
        "sand": 30639905,
        "big_rock": 77698
      },
      "confidence": {
        "threshold": 0.6,
        "overall_low_confidence_fraction": 0.025611559612537783,
        "overall_mean_confidence": 0.9593537379893954,
        "per_class_low_confidence_fraction": {
          "soil": 0.02155686944046814,
          "bedrock": 0.021751434613733113,
          "sand": 0.03687994463429309,