{
  "exp_id": "006_dlv3plus_mnv4_conv_small_512",
  "weights": "ITERATION-2/experiments/006_dlv3plus_mnv4_conv_small_512/weights.pth",
  "arch": "smp.DeepLabV3Plus",
  "encoder": "tu-mobilenetv4_conv_small",
  "confidence_threshold": 0.6,
  "eval_input_hw": 512,
  "eval_strategy": "A: resize EDR to eval_input_hw, predict, upsample logits to native label size",
  "variants": {
    "masked-gold-min1-100agree": {
      "confusion_matrix": [
        [
          80618938,
          6342358,
          2126985,
          7868
        ],
        [
          2112752,
          56177458,
          861578,
          864165
        ],
        [
          296953,
          4243044,
          40163196,
          71159
        ],
        [
          69231,
          125439,
          40592,
          146971
        ]
      ],
      "class_names": [
        "soil",
        "bedrock",
        "sand",
        "big_rock"
      ],
      "pixel_accuracy": 0.9116577958855511,
      "mean_iou": 0.6564263984617458,
      "per_class_iou": {
        "soil": 0.8803588661697666,
        "bedrock": 0.7942882014417336,
        "sand": 0.8401725839905427,
        "big_rock": 0.1108859422449403
      },
      "per_class_precision": {
        "soil": 0.970168478678528,
        "bedrock": 0.8398697356618382,
        "sand": 0.929868253756319,
        "big_rock": 0.13481561931564362
      },
      "per_class_recall": {
        "soil": 0.9048532277191913,
        "bedrock": 0.9360420886759891,
        "sand": 0.8970134509149346,
        "big_rock": 0.3845063089790782
      },
      "per_class_support": {
        "soil": 89096149,
        "bedrock": 60015953,
        "sand": 44774352,
        "big_rock": 382233
      },
      "confidence": {
        "threshold": 0.6,
        "overall_low_confidence_fraction": 0.04216739262771668,
        "overall_mean_confidence": 0.9308479721718459,
        "per_class_low_confidence_fraction": {
          "soil": 0.046298667746009985,
          "bedrock": 0.04480077155485642,
          "sand": 0.028906906346740653,
          "big_rock": 0.21903394003134213
        },
        "per_class_mean_confidence": {
          "soil": 0.9151146287827503,
          "bedrock": 0.9363360743178962,
          "sand": 0.9561196918647636,
          "big_rock": 0.7761825017138934
        },
        "per_class_pixel_count": {
          "soil": 89096149,
          "bedrock": 60015953,
          "sand": 44774352,
          "big_rock": 382233
        },
        "histogram_bin_edges": [
          0.0,
          0.05,
          0.1,
          0.15000000000000002,
          0.2,
          0.25,
          0.30000000000000004,
          0.35000000000000003,
          0.4,
          0.45,
          0.5,
          0.55,
          0.6000000000000001,
          0.65,
          0.7000000000000001,
          0.75,
          0.8,
          0.8500000000000001,
          0.9,
          0.9500000000000001,
          1.0
        ],
        "histogram_counts": [
          0,
          0,
          0,
          0,
          0,
          1894,
          23528,
          114589,
          264167,
          887422,
          3451168,
          3449036,
          3477253,
          3773244,
          4119291,
          4726150,
          5882105,
          8450615,
          17238526,
          138409699
        ]
      },
      "num_images": 322
    },
    "masked-gold-min2-100agree": {
      "confusion_matrix": [
        [
          76025019,
          2528704,
          1687249,
          3920
        ],
        [
          1063219,
          42723743,
          365008,
          570448
        ],
        [
          146637,
          1615036,
          36552795,
          18148
        ],
        [
          14153,
          22509,
          3059,
          89936
        ]
      ],
      "class_names": [
        "soil",
        "bedrock",
        "sand",
        "big_rock"
      ],
      "pixel_accuracy": 0.950816187299456,
      "mean_iou": 0.709163717863648,
      "per_class_iou": {
        "soil": 0.9331784038672621,
        "bedrock": 0.8738987094902793,
        "sand": 0.9050425013095496,
        "big_rock": 0.12453525678750106
      },
      "per_class_precision": {
        "soil": 0.9841550239311749,
        "bedrock": 0.9111484386689594,
        "sand": 0.9467646578202181,
        "big_rock": 0.13178362727341997
      },
      "per_class_recall": {
        "soil": 0.947412565525043,
        "bedrock": 0.9553093260744533,
        "sand": 0.9535690180915386,
        "big_rock": 0.6936455416984814
      },
      "per_class_support": {
        "soil": 80244892,
        "bedrock": 44722418,
        "sand": 38332616,
        "big_rock": 129657
      },
      "confidence": {
        "threshold": 0.6,
        "overall_low_confidence_fraction": 0.032273697963238396,
        "overall_mean_confidence": 0.9415690673769007,
        "per_class_low_confidence_fraction": {
          "soil": 0.03778462310099439,
          "bedrock": 0.03646198199748502,
          "sand": 0.015583387264777338,
          "big_rock": 0.11132449462813424
        },
        "per_class_mean_confidence": {
          "soil": 0.9255451457287646,
          "bedrock": 0.9454962464610407,
          "sand": 0.9708262906304287,
          "big_rock": 0.8544084305090487
        },
        "per_class_pixel_count": {
          "soil": 80244892,
          "bedrock": 44722418,
          "sand": 38332616,
          "big_rock": 129657
        },
        "histogram_bin_edges": [
          0.0,
          0.05,
          0.1,
          0.15000000000000002,
          0.2,
          0.25,
          0.30000000000000004,
          0.35000000000000003,
          0.4,
          0.45,
          0.5,
          0.55,
          0.6000000000000001,
          0.65,
          0.7000000000000001,
          0.75,
          0.8,
          0.8500000000000001,
          0.9,
          0.9500000000000001,
          1.0
        ],
        "histogram_counts": [
          0,
          0,
          0,
          0,
          0,
          232,
          6846,
          39073,
          98131,
          431515,
          2336829,
          2361851,
          2355984,
          2575433,
          2822240,
          3307349,
          4151907,
          6151842,
          13866727,
          122923624
        ]
      },
      "num_images": 321
    },
    "masked-gold-min3-100agree": {
      "confusion_matrix": [
        [
          57859756,
          774071,
          1435192,
          0
        ],
        [
          305467,
          25713792,
          86400,
          87280
        ],
        [
          32456,
          621885,
          29978223,
          7341
        ],
        [
          1522,
          2703,
          0,
          73473
        ]
      ],
      "class_names": [
        "soil",
        "bedrock",
        "sand",
        "big_rock"
      ],
      "pixel_accuracy": 0.9713256147370907,
      "mean_iou": 0.8120611755276467,
      "per_class_iou": {
        "soil": 0.9578087600439568,
        "bedrock": 0.9319428327420543,
        "sand": 0.9321152867977507,
        "big_rock": 0.42637782252682527
      },
      "per_class_precision": {
        "soil": 0.9941675316126762,
        "bedrock": 0.9484126684083265,
        "sand": 0.951695208368684,
        "big_rock": 0.43709472081097483
      },
      "per_class_recall": {
        "soil": 0.963221257200821,
        "bedrock": 0.9817070165360214,
        "sand": 0.9784045675076343,
        "big_rock": 0.9456227959535638
      },
      "per_class_support": {
        "soil": 60069019,
        "bedrock": 26192939,
        "sand": 30639905,
        "big_rock": 77698
      },
      "confidence": {
        "threshold": 0.6,
        "overall_low_confidence_fraction": 0.022349177733706833,
        "overall_mean_confidence": 0.9552588528728301,
        "per_class_low_confidence_fraction": {
          "soil": 0.0313008774123646,
          "bedrock": 0.019774336892854977,