{
  "exp_id": "009_dlv3plus_512_reseed",
  "weights": "ITERATION-2/experiments/009_dlv3plus_512_reseed/weights.pth",
  "arch": "smp.DeepLabV3Plus",
  "encoder": "tu-mobilenetv3_small_100",
  "confidence_threshold": 0.6,
  "eval_input_hw": 512,
  "eval_strategy": "A: resize EDR to eval_input_hw, predict, upsample logits to native label size",
  "variants": {
    "masked-gold-min1-100agree": {
      "confusion_matrix": [
        [
          82934192,
          4517498,
          1637843,
          6616
        ],
        [
          2666673,
          55791445,
          665624,
          892211
        ],
        [
          303434,
          5342003,
          39057554,
          71361
        ],
        [
          77038,
          137061,
          9762,
          158372
        ]
      ],
      "class_names": [
        "soil",
        "bedrock",
        "sand",
        "big_rock"
      ],
      "pixel_accuracy": 0.9159559666967843,
      "mean_iou": 0.6608759077744598,
      "per_class_iou": {
        "soil": 0.9000567312039007,
        "bedrock": 0.7968781724238874,
        "sand": 0.8294661388530449,
        "big_rock": 0.11710258861700609
      },
      "per_class_precision": {
        "soil": 0.9645603905880179,
        "bedrock": 0.8480488700622896,
        "sand": 0.944085443101234,
        "big_rock": 0.14033104132700078
      },
      "per_class_recall": {
        "soil": 0.9308392442416338,
        "bedrock": 0.9296102487950162,
        "sand": 0.8723198048740046,
        "big_rock": 0.4143336655914063
      },
      "per_class_support": {
        "soil": 89096149,
        "bedrock": 60015953,
        "sand": 44774352,
        "big_rock": 382233
      },
      "confidence": {
        "threshold": 0.6,
        "overall_low_confidence_fraction": 0.029315187578325477,
        "overall_mean_confidence": 0.9530789664418358,
        "per_class_low_confidence_fraction": {
          "soil": 0.027651879768675523,
          "bedrock": 0.030938274028573704,
          "sand": 0.029330698074647735,
          "big_rock": 0.16035768758846045
        },
        "per_class_mean_confidence": {
          "soil": 0.9582202211043918,
          "bedrock": 0.9446996673765186,
          "sand": 0.9554206743516539,
          "big_rock": 0.7960469288616445
        },
        "per_class_pixel_count": {
          "soil": 89096149,
          "bedrock": 60015953,
          "sand": 44774352,
          "big_rock": 382233
        },
        "histogram_bin_edges": [
          0.0,
          0.05,
          0.1,
          0.15000000000000002,
          0.2,
          0.25,
          0.30000000000000004,
          0.35000000000000003,
          0.4,
          0.45,
          0.5,
          0.55,
          0.6000000000000001,
          0.65,
          0.7000000000000001,
          0.75,
          0.8,
          0.8500000000000001,
          0.9,
          0.9500000000000001,
          1.0
        ],
        "histogram_counts": [
          0,
          0,
          0,
          0,
          0,
          923,
          15195,
          86906,
          197815,
          615674,
          2351274,
          2427236,
          2547153,
          2620097,
          2807440,
          3223133,
          3877482,
          5515695,
          10752308,
          157230356
        ]
      },
      "num_images": 322
    },
    "masked-gold-min2-100agree": {
      "confusion_matrix": [
        [
          77274400,
          1661121,
          1308489,
          882
        ],
        [
          1467756,
          42290700,
          329229,
          634733
        ],
        [
          175254,
          2169487,
          35970182,
          17693
        ],
        [
          24007,
          14529,
          1943,
          89178
        ]
      ],
      "class_names": [
        "soil",
        "bedrock",
        "sand",
        "big_rock"
      ],
      "pixel_accuracy": 0.9522416758537529,
      "mean_iou": 0.7069801402638987,
      "per_class_iou": {
        "soil": 0.9433841909361433,
        "bedrock": 0.8707603254888989,
        "sand": 0.8998782331064102,
        "big_rock": 0.1138978115241422
      },
      "per_class_precision": {
        "soil": 0.9788828594247301,
        "bedrock": 0.9166561777127832,
        "sand": 0.9564034074803237,
        "big_rock": 0.12010731515476386
      },
      "per_class_recall": {
        "soil": 0.9629821671390623,
        "bedrock": 0.9456264193944075,
        "sand": 0.9383701336741537,
        "big_rock": 0.6877993475091974
      },
      "per_class_support": {
        "soil": 80244892,
        "bedrock": 44722418,
        "sand": 38332616,
        "big_rock": 129657
      },
      "confidence": {
        "threshold": 0.6,
        "overall_low_confidence_fraction": 0.021597105831200707,
        "overall_mean_confidence": 0.9630742167831577,
        "per_class_low_confidence_fraction": {
          "soil": 0.018824039292120925,
          "bedrock": 0.026854227783479866,
          "sand": 0.021032245751242233,
          "big_rock": 0.09151839083119308
        },
        "per_class_mean_confidence": {
          "soil": 0.9680560955371098,
          "bedrock": 0.9510795723039369,
          "sand": 0.9670322533496162,
          "big_rock": 0.8469006648508255
        },
        "per_class_pixel_count": {
          "soil": 80244892,
          "bedrock": 44722418,
          "sand": 38332616,
          "big_rock": 129657
        },
        "histogram_bin_edges": [
          0.0,
          0.05,
          0.1,
          0.15000000000000002,
          0.2,
          0.25,
          0.30000000000000004,
          0.35000000000000003,
          0.4,
          0.45,
          0.5,
          0.55,
          0.6000000000000001,
          0.65,
          0.7000000000000001,
          0.75,
          0.8,
          0.8500000000000001,
          0.9,
          0.9500000000000001,
          1.0
        ],
        "histogram_counts": [
          0,
          0,
          0,
          0,
          0,
          559,
          8946,
          53619,
          110192,
          327919,
          1494623,
          1533748,
          1595231,
          1682678,
          1847719,
          2189552,
          2610226,
          3669182,
          7494959,
          138810430
        ]
      },
      "num_images": 321
    },
    "masked-gold-min3-100agree": {
      "confusion_matrix": [
        [
          58556238,
          401320,
          1111461,
          0
        ],
        [
          519722,
          25477078,
          115224,
          80915
        ],
        [
          58279,
          807662,
          29769878,
          4086
        ],
        [
          7422,
          22,
          0,
          70254
        ]
      ],
      "class_names": [
        "soil",
        "bedrock",
        "sand",
        "big_rock"
      ],
      "pixel_accuracy": 0.9734473871038035,
      "mean_iou": 0.8152921593706146,
      "per_class_iou": {
        "soil": 0.9654072491508536,
        "bedrock": 0.9297544338370458,
        "sand": 0.9342034400291968,
        "big_rock": 0.4318035144653624
      },
      "per_class_precision": {
        "soil": 0.9901013432815152,
        "bedrock": 0.9546953351938288,
        "sand": 0.9604251284247225,
        "big_rock": 0.4525071656307365
      },
      "per_class_recall": {
        "soil": 0.9748159529623748,
        "bedrock": 0.9726696954473112,
        "sand": 0.9716047748842563,
        "big_rock": 0.9041931581250483
      },
      "per_class_support": {
        "soil": 60069019,
        "bedrock": 26192939,
        "sand": 30639905,
        "big_rock": 77698
      },
      "confidence": {
        "threshold": 0.6,
        "overall_low_confidence_fraction": 0.01381753347492901,
        "overall_mean_confidence": 0.9739146688813938,
        "per_class_low_confidence_fraction": {
          "soil": 0.014377478014082434,
          "bedrock": 0.01466357020874977,
          "sand": 0.011935056587153256,