{
  "exp_id": "004_dlv3plus_256",
  "weights": "ITERATION-2/experiments/004_dlv3plus_256/weights.pth",
  "arch": "smp.DeepLabV3Plus",
  "encoder": "tu-mobilenetv3_small_100",
  "confidence_threshold": 0.6,
  "eval_input_hw": 256,
  "eval_strategy": "A: resize EDR to eval_input_hw, predict, upsample logits to native label size",
  "variants": {
    "masked-gold-min1-100agree": {
      "confusion_matrix": [
        [
          76734116,
          5106175,
          7245748,
          10110
        ],
        [
          3317181,
          54541195,
          1607096,
          550481
        ],
        [
          304398,
          4357880,
          40027252,
          84822
        ],
        [
          83599,
          136755,
          27028,
          134851
        ]
      ],
      "class_names": [
        "soil",
        "bedrock",
        "sand",
        "big_rock"
      ],
      "pixel_accuracy": 0.8824757949797642,
      "mean_iou": 0.6218897947285044,
      "per_class_iou": {
        "soil": 0.8268644261951125,
        "bedrock": 0.7834491672644992,
        "sand": 0.7460223821334179,
        "big_rock": 0.13122320332098797
      },
      "per_class_precision": {
        "soil": 0.9539382083587158,
        "bedrock": 0.8503194591438169,
        "sand": 0.8184339770214254,
        "big_rock": 0.17282740200752567
      },
      "per_class_recall": {
        "soil": 0.8612506473203461,
        "bedrock": 0.908778287666281,
        "sand": 0.8939772484032823,
        "big_rock": 0.3527979007568682
      },
      "per_class_support": {
        "soil": 89096149,
        "bedrock": 60015953,
        "sand": 44774352,
        "big_rock": 382233
      },
      "confidence": {
        "threshold": 0.6,
        "overall_low_confidence_fraction": 0.04765672812726634,
        "overall_mean_confidence": 0.92056597045342,
        "per_class_low_confidence_fraction": {
          "soil": 0.050823184288245726,
          "bedrock": 0.04900560356010676,
          "sand": 0.03814992118702243,
          "big_rock": 0.2113998529692622
        },
        "per_class_mean_confidence": {
          "soil": 0.9140555717300345,
          "bedrock": 0.9180916683796102,
          "sand": 0.938163270635851,
          "big_rock": 0.7652715271685729
        },
        "per_class_pixel_count": {
          "soil": 89096149,
          "bedrock": 60015953,
          "sand": 44774352,
          "big_rock": 382233
        },
        "histogram_bin_edges": [
          0.0,
          0.05,
          0.1,
          0.15000000000000002,
          0.2,
          0.25,
          0.30000000000000004,
          0.35000000000000003,
          0.4,
          0.45,
          0.5,
          0.55,
          0.6000000000000001,
          0.65,
          0.7000000000000001,
          0.75,
          0.8,
          0.8500000000000001,
          0.9,
          0.9500000000000001,
          1.0
        ],
        "histogram_counts": [
          0,
          0,
          0,
          0,
          0,
          509,
          25858,
          192778,
          483594,
          1380905,
          3612208,
          3562358,
          3704706,
          3973640,
          4655197,
          5595705,
          7492951,
          11158081,
          21064172,
          127366025
        ]
      },
      "num_images": 322
    },
    "masked-gold-min2-100agree": {
      "confusion_matrix": [
        [
          71753861,
          2095539,
          6395137,
          355
        ],
        [
          1893007,
          41542109,
          927499,
          359803
        ],
        [
          131970,
          1735552,
          36435836,
          29258
        ],
        [
          21909,
          35513,
          3062,
          69173
        ]
      ],
      "class_names": [
        "soil",
        "bedrock",
        "sand",
        "big_rock"
      ],
      "pixel_accuracy": 0.9166087084735448,
      "mean_iou": 0.6645467627914164,
      "per_class_iou": {
        "soil": 0.8719444729946167,
        "bedrock": 0.8549690298355871,
        "sand": 0.79801098218388,
        "big_rock": 0.13326256615158177
      },
      "per_class_precision": {
        "soil": 0.9722646980795465,
        "bedrock": 0.9148488529062694,
        "sand": 0.8325996067688121,
        "big_rock": 0.15083876848332603
      },
      "per_class_recall": {
        "soil": 0.8941860249497251,
        "bedrock": 0.9288878119246593,
        "sand": 0.9505178566471957,
        "big_rock": 0.533507639386998
      },
      "per_class_support": {
        "soil": 80244892,
        "bedrock": 44722418,
        "sand": 38332616,
        "big_rock": 129657
      },
      "confidence": {
        "threshold": 0.6,
        "overall_low_confidence_fraction": 0.03941247895125572,
        "overall_mean_confidence": 0.9306511520500222,
        "per_class_low_confidence_fraction": {
          "soil": 0.044441084175177156,
          "bedrock": 0.04306321272700416,
          "sand": 0.024360664557827205,
          "big_rock": 0.11797280517056541
        },
        "per_class_mean_confidence": {
          "soil": 0.9220566421326514,
          "bedrock": 0.9254705121889585,
          "sand": 0.955134065714274,
          "big_rock": 0.7984726613660376
        },
        "per_class_pixel_count": {
          "soil": 80244892,
          "bedrock": 44722418,
          "sand": 38332616,
          "big_rock": 129657
        },
        "histogram_bin_edges": [
          0.0,
          0.05,
          0.1,
          0.15000000000000002,
          0.2,
          0.25,
          0.30000000000000004,
          0.35000000000000003,
          0.4,
          0.45,
          0.5,
          0.55,
          0.6000000000000001,
          0.65,
          0.7000000000000001,
          0.75,
          0.8,
          0.8500000000000001,
          0.9,
          0.9500000000000001,
          1.0
        ],
        "histogram_counts": [
          0,
          0,
          0,
          0,
          0,
          119,
          9764,
          107119,
          294271,
          864321,
          2593342,
          2572229,
          2658249,
          2807957,
          3260665,
          4002912,
          5564400,
          8345439,
          16426981,
          113921815
        ]
      },
      "num_images": 321
    },
    "masked-gold-min3-100agree": {
      "confusion_matrix": [
        [
          54889746,
          776302,
          4402965,
          6
        ],
        [
          384995,
          25320428,
          458903,
          28613
        ],
        [
          48959,
          682265,
          29895735,
          12946
        ],
        [
          4357,
          13099,
          0,
          60242
        ]
      ],
      "class_names": [
        "soil",
        "bedrock",
        "sand",
        "big_rock"
      ],
      "pixel_accuracy": 0.941755551638632,
      "mean_iou": 0.7924083196922271,
      "per_class_iou": {
        "soil": 0.9071586202861703,
        "bedrock": 0.9152643965095472,
        "sand": 0.842091323157297,
        "big_rock": 0.5051189388158943
      },
      "per_class_precision": {
        "soil": 0.9920779614581441,
        "bedrock": 0.9450708854634505,
        "sand": 0.8601207338722409,
        "big_rock": 0.5917274843576571
      },
      "per_class_recall": {
        "soil": 0.9137779659761049,
        "bedrock": 0.9666890760139594,
        "sand": 0.9757123920586568,
        "big_rock": 0.7753352724651857
      },
      "per_class_support": {
        "soil": 60069019,
        "bedrock": 26192939,
        "sand": 30639905,
        "big_rock": 77698
      },
      "confidence": {
        "threshold": 0.6,
        "overall_low_confidence_fraction": 0.03051828857521529,
        "overall_mean_confidence": 0.9429644274474032,
        "per_class_low_confidence_fraction": {
          "soil": 0.037453616480735266,
          "bedrock": 0.03242870149088653,
          "sand": 0.014971913261480412,