{
  "exp_id": "003_fpn_512",
  "weights": "ITERATION-2/experiments/003_fpn_512/weights.pth",
  "arch": "smp.FPN",
  "encoder": "tu-mobilenetv3_small_100",
  "confidence_threshold": 0.6,
  "eval_input_hw": 512,
  "eval_strategy": "A: resize EDR to eval_input_hw, predict, upsample logits to native label size",
  "variants": {
    "masked-gold-min1-100agree": {
      "confusion_matrix": [
        [
          83912157,
          3734505,
          1422758,
          26729
        ],
        [
          2915411,
          55479641,
          505884,
          1115017
        ],
        [
          269923,
          5454152,
          38930340,
          119937
        ],
        [
          76051,
          116911,
          12361,
          176910
        ]
      ],
      "class_names": [
        "soil",
        "bedrock",
        "sand",
        "big_rock"
      ],
      "pixel_accuracy": 0.9188256262832517,
      "mean_iou": 0.6624620940535326,
      "per_class_iou": {
        "soil": 0.9085577902069147,
        "bedrock": 0.800323481073071,
        "sand": 0.8333521173070396,
        "big_rock": 0.10761498762710503
      },
      "per_class_precision": {
        "soil": 0.9625874442499996,
        "bedrock": 0.8563627694710377,
        "sand": 0.9525094391931286,
        "big_rock": 0.12297432282792979
      },
      "per_class_recall": {
        "soil": 0.9418157568179518,
        "bedrock": 0.9244148968191841,
        "sand": 0.8694785800585121,
        "big_rock": 0.46283287942171397
      },
      "per_class_support": {
        "soil": 89096149,
        "bedrock": 60015953,
        "sand": 44774352,
        "big_rock": 382233
      },
      "confidence": {
        "threshold": 0.6,
        "overall_low_confidence_fraction": 0.024928906839216964,
        "overall_mean_confidence": 0.95688339645072,
        "per_class_low_confidence_fraction": {
          "soil": 0.01619589641298638,
          "bedrock": 0.02919232158156349,
          "sand": 0.03593979428222657,
          "big_rock": 0.10132039881433576
        },
        "per_class_mean_confidence": {
          "soil": 0.9668228441016731,
          "bedrock": 0.9475506008563517,
          "sand": 0.9506804545987382,
          "big_rock": 0.8320454436296888
        },
        "per_class_pixel_count": {
          "soil": 89096149,
          "bedrock": 60015953,
          "sand": 44774352,
          "big_rock": 382233
        },
        "histogram_bin_edges": [
          0.0,
          0.05,
          0.1,
          0.15000000000000002,
          0.2,
          0.25,
          0.30000000000000004,
          0.35000000000000003,
          0.4,
          0.45,
          0.5,
          0.55,
          0.6000000000000001,
          0.65,
          0.7000000000000001,
          0.75,
          0.8,
          0.8500000000000001,
          0.9,
          0.9500000000000001,
          1.0
        ],
        "histogram_counts": [
          0,
          0,
          0,
          0,
          0,
          274,
          5527,
          52223,
          156805,
          509855,
          1979420,
          2138802,
          2193599,
          2361366,
          2663146,
          3251674,
          4250706,
          5694488,
          10067442,
          158943360
        ]
      },
      "num_images": 322
    },
    "masked-gold-min2-100agree": {
      "confusion_matrix": [
        [
          78166790,
          1132134,
          942134,
          3834
        ],
        [
          1695083,
          42103621,
          209830,
          713884
        ],
        [
          142013,
          2497139,
          35650676,
          42788
        ],
        [
          17368,
          16488,
          2615,
          93186
        ]
      ],
      "class_names": [
        "soil",
        "bedrock",
        "sand",
        "big_rock"
      ],
      "pixel_accuracy": 0.9546268804956811,
      "mean_iou": 0.7075268464063028,
      "per_class_iou": {
        "soil": 0.9520999165937428,
        "bedrock": 0.8704818306267019,
        "sand": 0.9028414401174862,
        "big_rock": 0.10468419828727997
      },
      "per_class_precision": {
        "soil": 0.9768253569232994,
        "bedrock": 0.920310158506622,
        "sand": 0.9686300502469009,
        "big_rock": 0.10915646392375705
      },
      "per_class_recall": {
        "soil": 0.974102999602766,
        "bedrock": 0.9414433047873216,
        "sand": 0.9300350385687217,
        "big_rock": 0.7187116777343298
      },
      "per_class_support": {
        "soil": 80244892,
        "bedrock": 44722418,
        "sand": 38332616,
        "big_rock": 129657
      },
      "confidence": {
        "threshold": 0.6,
        "overall_low_confidence_fraction": 0.018275149120340103,
        "overall_mean_confidence": 0.9666513781712373,
        "per_class_low_confidence_fraction": {
          "soil": 0.009267431003583381,
          "bedrock": 0.02497456644674266,
          "sand": 0.02912759723990661,
          "big_rock": 0.07385640574747218
        },
        "per_class_mean_confidence": {
          "soil": 0.9757929078819475,
          "bedrock": 0.9542929164920217,
          "sand": 0.9622278879932519,
          "big_rock": 0.879522839616543
        },
        "per_class_pixel_count": {
          "soil": 80244892,
          "bedrock": 44722418,
          "sand": 38332616,
          "big_rock": 129657
        },
        "histogram_bin_edges": [
          0.0,
          0.05,
          0.1,
          0.15000000000000002,
          0.2,
          0.25,
          0.30000000000000004,
          0.35000000000000003,
          0.4,
          0.45,
          0.5,
          0.55,
          0.6000000000000001,
          0.65,
          0.7000000000000001,
          0.75,
          0.8,
          0.8500000000000001,
          0.9,
          0.9500000000000001,
          1.0
        ],
        "histogram_counts": [
          0,
          0,
          0,
          0,
          0,
          0,
          2183,
          26832,
          66434,
          279106,
          1246032,
          1366113,
          1385116,
          1510470,
          1721602,
          2043534,
          2651916,
          3729461,
          6909701,
          140491083
        ]
      },
      "num_images": 321
    },
    "masked-gold-min3-100agree": {
      "confusion_matrix": [
        [
          59144052,
          266045,
          657765,
          1157
        ],
        [
          452017,
          25638914,
          26124,
          75884
        ],
        [
          51230,
          1217828,
          29349090,
          21757
        ],
        [
          2881,
          1976,
          0,
          72841
        ]
      ],
      "class_names": [
        "soil",
        "bedrock",
        "sand",
        "big_rock"
      ],
      "pixel_accuracy": 0.9762807795115593,
      "mean_iou": 0.8130853402710602,
      "per_class_iou": {
        "soil": 0.9763748819297129,
        "bedrock": 0.9263019031035608,
        "sand": 0.9369583390824241,
        "big_rock": 0.4127062369685432
      },
      "per_class_precision": {
        "soil": 0.9915150633242013,
        "bedrock": 0.9452216780659061,
        "sand": 0.9772287324544129,
        "big_rock": 0.42438490086751846
      },
      "per_class_recall": {
        "soil": 0.9846015963736647,
        "bedrock": 0.9788483071716388,
        "sand": 0.9578714424865221,
        "big_rock": 0.9374887384488662
      },
      "per_class_support": {
        "soil": 60069019,
        "bedrock": 26192939,
        "sand": 30639905,
        "big_rock": 77698
      },
      "confidence": {
        "threshold": 0.6,
        "overall_low_confidence_fraction": 0.010206124811837856,
        "overall_mean_confidence": 0.978086452632516,
        "per_class_low_confidence_fraction": {
          "soil": 0.004173632334498421,
          "bedrock": 0.008714600526500672,
          "sand": 0.02319269593035618,