{
  "exp_id": "training_run_11_focal_+_tversky_1024p_aug_B",
  "weights": "MAIN_ITERATION_V2/experiments/training_run_11_focal_+_tversky_1024p_aug_B/weights.pth",
  "arch": "smp.DeepLabV3Plus",
  "encoder": "tu-mobilenetv4_conv_small",
  "confidence_threshold": 0.6,
  "eval_input_hw": 1024,
  "eval_strategy": "A: resize EDR to eval_input_hw, predict, upsample logits to native label size",
  "variants": {
    "masked-gold-min1-100agree": {
      "confusion_matrix": [
        [
          83540586,
          4507461,
          1025110,
          22992
        ],
        [
          2700866,
          55787940,
          440286,
          1086861
        ],
        [
          251956,
          4857103,
          39557595,
          107698
        ],
        [
          59917,
          106099,
          15996,
          200221
        ]
      ],
      "class_names": [
        "soil",
        "bedrock",
        "sand",
        "big_rock"
      ],
      "pixel_accuracy": 0.9218487279939253,
      "mean_iou": 0.6725458319165655,
      "per_class_iou": {
        "soil": 0.9069763821272058,
        "bedrock": 0.8028587836253244,
        "sand": 0.8551931409859065,
        "big_rock": 0.12515502092782527
      },
      "per_class_precision": {
        "soil": 0.9651921055603583,
        "bedrock": 0.8548748737388694,
        "sand": 0.9639028127083157,
        "big_rock": 0.14122228397795977
      },
      "per_class_recall": {
        "soil": 0.9376453072062632,
        "bedrock": 0.929551847656239,
        "sand": 0.883487828031548,
        "big_rock": 0.523819241143491
      },
      "per_class_support": {
        "soil": 89096149,
        "bedrock": 60015953,
        "sand": 44774352,
        "big_rock": 382233
      },
      "confidence": {
        "threshold": 0.6,
        "overall_low_confidence_fraction": 0.011696774375172464,
        "overall_mean_confidence": 0.9776265005826799,
        "per_class_low_confidence_fraction": {
          "soil": 0.010667340964422603,
          "bedrock": 0.01391833268064576,
          "sand": 0.010521626309633695,
          "big_rock": 0.04049100941049046
        },
        "per_class_mean_confidence": {
          "soil": 0.9784809059180962,
          "bedrock": 0.9751651740520912,
          "sand": 0.9795652213784528,
          "big_rock": 0.9378331414722585
        },
        "per_class_pixel_count": {
          "soil": 89096149,
          "bedrock": 60015953,
          "sand": 44774352,
          "big_rock": 382233
        },
        "histogram_bin_edges": [
          0.0,
          0.05,
          0.1,
          0.15000000000000002,
          0.2,
          0.25,
          0.30000000000000004,
          0.35000000000000003,
          0.4,
          0.45,
          0.5,
          0.55,
          0.6000000000000001,
          0.65,
          0.7000000000000001,
          0.75,
          0.8,
          0.8500000000000001,
          0.9,
          0.9500000000000001,
          1.0
        ],
        "histogram_counts": [
          0,
          0,
          0,
          0,
          0,
          266,
          3786,
          22569,
          52170,
          133098,
          1022772,
          1037656,
          1086038,
          1189527,
          1385056,
          1653188,
          2093108,
          3012010,
          5878861,
          175698582
        ]
      },
      "num_images": 322
    },
    "masked-gold-min2-100agree": {
      "confusion_matrix": [
        [
          78069668,
          1570445,
          593529,
          11250
        ],
        [
          1461375,
          42396377,
          149189,
          715477
        ],
        [
          134377,
          1945282,
          36218012,
          34945
        ],
        [
          7535,
          12267,
          3060,
          106795
        ]
      ],
      "class_names": [
        "soil",
        "bedrock",
        "sand",
        "big_rock"
      ],
      "pixel_accuracy": 0.9593786456641696,
      "mean_iou": 0.7197821199926024,
      "per_class_iou": {
        "soil": 0.9538351244198114,
        "bedrock": 0.8786738857276494,
        "sand": 0.9268040032556097,
        "big_rock": 0.11981546656733934
      },
      "per_class_precision": {
        "soil": 0.9798766469751248,
        "bedrock": 0.9231781748300919,
        "sand": 0.9798240927134366,
        "big_rock": 0.12296955439872788
      },
      "per_class_recall": {
        "soil": 0.9728926795739223,
        "bedrock": 0.9479893730254031,
        "sand": 0.9448353850934671,
        "big_rock": 0.8236732301379794
      },
      "per_class_support": {
        "soil": 80244892,
        "bedrock": 44722418,
        "sand": 38332616,
        "big_rock": 129657
      },
      "confidence": {
        "threshold": 0.6,
        "overall_low_confidence_fraction": 0.0076745407837209,
        "overall_mean_confidence": 0.9838811900749821,
        "per_class_low_confidence_fraction": {
          "soil": 0.006962399550615633,
          "bedrock": 0.010088117328539793,
          "sand": 0.006324092256056827,
          "big_rock": 0.01516308413737785
        },
        "per_class_mean_confidence": {
          "soil": 0.9844804002841132,
          "bedrock": 0.9804759914788779,
          "sand": 0.9866271825609582,
          "big_rock": 0.9757372484995869
        },
        "per_class_pixel_count": {
          "soil": 80244892,
          "bedrock": 44722418,
          "sand": 38332616,
          "big_rock": 129657
        },
        "histogram_bin_edges": [
          0.0,
          0.05,
          0.1,
          0.15000000000000002,
          0.2,
          0.25,
          0.30000000000000004,
          0.35000000000000003,
          0.4,
          0.45,
          0.5,
          0.55,
          0.6000000000000001,
          0.65,
          0.7000000000000001,
          0.75,
          0.8,
          0.8500000000000001,
          0.9,
          0.9500000000000001,
          1.0
        ],
        "histogram_counts": [
          0,
          0,
          0,
          0,
          0,
          93,
          1825,
          10092,
          22365,
          59418,
          577656,
          582798,
          617756,
          671083,
          778962,
          959537,
          1249307,
          1893994,
          3993543,
          152011154
        ]
      },
      "num_images": 321
    },
    "masked-gold-min3-100agree": {
      "confusion_matrix": [
        [
          59268852,
          436276,
          363891,
          0
        ],
        [
          502643,
          25605770,
          21822,
          62704
        ],
        [
          30727,
          763392,
          29826350,
          19436
        ],
        [
          951,
          0,
          0,
          76747
        ]
      ],
      "class_names": [
        "soil",
        "bedrock",
        "sand",
        "big_rock"
      ],
      "pixel_accuracy": 0.981177549469518,
      "mean_iou": 0.8385625288877019,
      "per_class_iou": {
        "soil": 0.9779799595203829,
        "bedrock": 0.9347693704363371,
        "sand": 0.9613458787509084,
        "big_rock": 0.48015490684317874
      },
      "per_class_precision": {
        "soil": 0.9910653402955726,
        "bedrock": 0.9552453498428192,
        "sand": 0.9872331459126111,
        "big_rock": 0.48302881922372504
      },
      "per_class_recall": {
        "soil": 0.9866792064641509,
        "bedrock": 0.9775829279791779,
        "sand": 0.9734478615387352,
        "big_rock": 0.9877603027104945
      },
      "per_class_support": {
        "soil": 60069019,
        "bedrock": 26192939,
        "sand": 30639905,
        "big_rock": 77698
      },
      "confidence": {
        "threshold": 0.6,
        "overall_low_confidence_fraction": 0.00431469391477713,
        "overall_mean_confidence": 0.9898709962191651,
        "per_class_low_confidence_fraction": {
          "soil": 0.0046411112523745395,
          "bedrock": 0.004957366563561271,