{
  "exp_id": "training_run_11_focal_+_tversky_512p_aug_B",
  "weights": "MAIN_ITERATION_V2/experiments/training_run_11_focal_+_tversky_512p_aug_B/weights.pth",
  "arch": "smp.DeepLabV3Plus",
  "encoder": "tu-mobilenetv4_conv_small",
  "confidence_threshold": 0.6,
  "eval_input_hw": 512,
  "eval_strategy": "A: resize EDR to eval_input_hw, predict, upsample logits to native label size",
  "variants": {
    "masked-gold-min1-100agree": {
      "confusion_matrix": [
        [
          84035139,
          4264997,
          756493,
          39520
        ],
        [
          2169196,
          56072870,
          678655,
          1095232
        ],
        [
          351364,
          5668393,
          38697727,
          56868
        ],
        [
          48647,
          128815,
          19577,
          185194
        ]
      ],
      "class_names": [
        "soil",
        "bedrock",
        "sand",
        "big_rock"
      ],
      "pixel_accuracy": 0.921357593774235,
      "mean_iou": 0.6679157911351469,
      "per_class_iou": {
        "soil": 0.9167600789113828,
        "bedrock": 0.8001476009115422,
        "sand": 0.8370862996031697,
        "big_rock": 0.1176691851144929
      },
      "per_class_precision": {
        "soil": 0.9703339714614322,
        "bedrock": 0.8478537296585813,
        "sand": 0.9637699585569519,
        "big_rock": 0.13450909127885102
      },
      "per_class_recall": {
        "soil": 0.9431960858375597,
        "bedrock": 0.9342994186895608,
        "sand": 0.8642833513257768,
        "big_rock": 0.48450552411748854
      },
      "per_class_support": {
        "soil": 89096149,
        "bedrock": 60015953,
        "sand": 44774352,
        "big_rock": 382233
      },
      "confidence": {
        "threshold": 0.6,
        "overall_low_confidence_fraction": 0.01469371129275198,
        "overall_mean_confidence": 0.973894725085341,
        "per_class_low_confidence_fraction": {
          "soil": 0.012746229918422176,
          "bedrock": 0.01742553350773252,
          "sand": 0.014501762080219497,
          "big_rock": 0.06218981615925365
        },
        "per_class_mean_confidence": {
          "soil": 0.9747041007302535,
          "bedrock": 0.9718946514902558,
          "sand": 0.975448056751651,
          "big_rock": 0.9173183725019147
        },
        "per_class_pixel_count": {
          "soil": 89096149,
          "bedrock": 60015953,
          "sand": 44774352,
          "big_rock": 382233
        },
        "histogram_bin_edges": [
          0.0,
          0.05,
          0.1,
          0.15000000000000002,
          0.2,
          0.25,
          0.30000000000000004,
          0.35000000000000003,
          0.4,
          0.45,
          0.5,
          0.55,
          0.6000000000000001,
          0.65,
          0.7000000000000001,
          0.75,
          0.8,
          0.8500000000000001,
          0.9,
          0.9500000000000001,
          1.0
        ],
        "histogram_counts": [
          0,
          0,
          0,
          0,
          0,
          100,
          4110,
          31762,
          72034,
          218331,
          1247743,
          1280448,
          1295210,
          1402243,
          1610215,
          1913019,
          2451871,
          3375108,
          6251589,
          173114904
        ]
      },
      "num_images": 322
    },
    "masked-gold-min2-100agree": {
      "confusion_matrix": [
        [
          78482599,
          1408394,
          342833,
          11066
        ],
        [
          1084223,
          42627206,
          282523,
          728466
        ],
        [
          199185,
          2878756,
          35246140,
          8535
        ],
        [
          3271,
          9400,
          3139,
          113847
        ]
      ],
      "class_names": [
        "soil",
        "bedrock",
        "sand",
        "big_rock"
      ],
      "pixel_accuracy": 0.9574141298518763,
      "mean_iou": 0.7166416136611725,
      "per_class_iou": {
        "soil": 0.9626037869428519,
        "bedrock": 0.869606353197807,
        "sand": 0.904649253970196,
        "big_rock": 0.12970706053383524
      },
      "per_class_precision": {
        "soil": 0.9838699931570146,
        "bedrock": 0.9084355054612423,
        "sand": 0.9824807973656039,
        "big_rock": 0.1320862638267855
      },
      "per_class_recall": {
        "soil": 0.9780385647475232,
        "bedrock": 0.9531507442195992,
        "sand": 0.9194817280406847,
        "big_rock": 0.8780628890071497
      },
      "per_class_support": {
        "soil": 80244892,
        "bedrock": 44722418,
        "sand": 38332616,
        "big_rock": 129657
      },
      "confidence": {
        "threshold": 0.6,
        "overall_low_confidence_fraction": 0.0096546902405056,
        "overall_mean_confidence": 0.9812377714041878,
        "per_class_low_confidence_fraction": {
          "soil": 0.008221694659393397,
          "bedrock": 0.012352574496307422,
          "sand": 0.009488029723825788,
          "big_rock": 0.015232498052554047
        },
        "per_class_mean_confidence": {
          "soil": 0.9821089039476762,
          "bedrock": 0.978390282158889,
          "sand": 0.9827577206363148,
          "big_rock": 0.974905966366371
        },
        "per_class_pixel_count": {
          "soil": 80244892,
          "bedrock": 44722418,
          "sand": 38332616,
          "big_rock": 129657
        },
        "histogram_bin_edges": [
          0.0,
          0.05,
          0.1,
          0.15000000000000002,
          0.2,
          0.25,
          0.30000000000000004,
          0.35000000000000003,
          0.4,
          0.45,
          0.5,
          0.55,
          0.6000000000000001,
          0.65,
          0.7000000000000001,
          0.75,
          0.8,
          0.8500000000000001,
          0.9,
          0.9500000000000001,
          1.0
        ],
        "histogram_counts": [
          0,
          0,
          0,
          0,
          0,
          26,
          1805,
          13901,
          34774,
          114008,
          691133,
          722215,
          732379,
          783387,
          912857,
          1114514,
          1464357,
          2172568,
          4262095,
          150409564
        ]
      },
      "num_images": 321
    },
    "masked-gold-min3-100agree": {
      "confusion_matrix": [
        [
          59532793,
          373253,
          162655,
          318
        ],
        [
          417034,
          25647441,
          33218,
          95246
        ],
        [
          61301,
          1662708,
          28915161,
          735
        ],
        [
          0,
          0,
          0,
          77698
        ]
      ],
      "class_names": [
        "soil",
        "bedrock",
        "sand",
        "big_rock"
      ],
      "pixel_accuracy": 0.9760089029569875,
      "mean_iou": 0.8190146791327692,
      "per_class_iou": {
        "soil": 0.9832435121772621,
        "bedrock": 0.9085526180616319,
        "sand": 0.9377146573049008,
        "big_rock": 0.4465479289872814
      },
      "per_class_precision": {
        "soil": 0.9920292283124557,
        "bedrock": 0.9264555346196252,
        "sand": 0.9932715203451722,
        "big_rock": 0.4465479289872814
      },
      "per_class_recall": {
        "soil": 0.9910731686828447,
        "bedrock": 0.9791738529227285,
        "sand": 0.9437092249470095,
        "big_rock": 1.0
      },
      "per_class_support": {
        "soil": 60069019,
        "bedrock": 26192939,
        "sand": 30639905,
        "big_rock": 77698
      },
      "confidence": {
        "threshold": 0.6,
        "overall_low_confidence_fraction": 0.00464090474745413,
        "overall_mean_confidence": 0.9889414010176553,
        "per_class_low_confidence_fraction": {
          "soil": 0.004978240114092757,
          "bedrock": 0.004228506010722966,
          "sand": 0.0043437797865234894,