{
  "exp_id": "010_dlv3plus_256_reseed",
  "weights": "ITERATION-2/experiments/010_dlv3plus_256_reseed/weights.pth",
  "arch": "smp.DeepLabV3Plus",
  "encoder": "tu-mobilenetv3_small_100",
  "confidence_threshold": 0.6,
  "eval_input_hw": 256,
  "eval_strategy": "A: resize EDR to eval_input_hw, predict, upsample logits to native label size",
  "variants": {
    "masked-gold-min1-100agree": {
      "confusion_matrix": [
        [
          80870732,
          4243889,
          3974637,
          6891
        ],
        [
          3379909,
          55211740,
          604175,
          820129
        ],
        [
          725944,
          5462548,
          38514903,
          70957
        ],
        [
          88443,
          122258,
          14561,
          156971
        ]
      ],
      "class_names": [
        "soil",
        "bedrock",
        "sand",
        "big_rock"
      ],
      "pixel_accuracy": 0.8995497354650881,
      "mean_iou": 0.6400352659800178,
      "per_class_iou": {
        "soil": 0.866870471032698,
        "bedrock": 0.790493496366393,
        "sand": 0.7801636190446288,
        "big_rock": 0.12261347747635154
      },
      "per_class_precision": {
        "soil": 0.9506930627237318,
        "bedrock": 0.8488833138954253,
        "sand": 0.8934456808247214,
        "big_rock": 0.148795011697259
      },
      "per_class_recall": {
        "soil": 0.9076793206853419,
        "bedrock": 0.9199510670104664,
        "sand": 0.860200120819169,
        "big_rock": 0.41066836196770035
      },
      "per_class_support": {
        "soil": 89096149,
        "bedrock": 60015953,
        "sand": 44774352,
        "big_rock": 382233
      },
      "confidence": {
        "threshold": 0.6,
        "overall_low_confidence_fraction": 0.04207144304218209,
        "overall_mean_confidence": 0.9326783488020661,
        "per_class_low_confidence_fraction": {
          "soil": 0.04131588223863637,
          "bedrock": 0.04475016834274047,
          "sand": 0.03874928217833281,
          "big_rock": 0.1867447342327847
        },
        "per_class_mean_confidence": {
          "soil": 0.9323618597027798,
          "bedrock": 0.9264500925262067,
          "sand": 0.9430215660588268,
          "big_rock": 0.7727807094149534
        },
        "per_class_pixel_count": {
          "soil": 89096149,
          "bedrock": 60015953,
          "sand": 44774352,
          "big_rock": 382233
        },
        "histogram_bin_edges": [
          0.0,
          0.05,
          0.1,
          0.15000000000000002,
          0.2,
          0.25,
          0.30000000000000004,
          0.35000000000000003,
          0.4,
          0.45,
          0.5,
          0.55,
          0.6000000000000001,
          0.65,
          0.7000000000000001,
          0.75,
          0.8,
          0.8500000000000001,
          0.9,
          0.9500000000000001,
          1.0
        ],
        "histogram_counts": [
          0,
          0,
          0,
          0,
          0,
          2945,
          20341,
          114894,
          299077,
          1021989,
          3282090,
          3431828,
          3654865,
          3966928,
          4245971,
          4557211,
          5503087,
          7923251,
          15852784,
          140391426
        ]
      },
      "num_images": 322
    },
    "masked-gold-min2-100agree": {
      "confusion_matrix": [
        [
          75176213,
          1506756,
          3560273,
          1650
        ],
        [
          2071082,
          41854321,
          256754,
          540261
        ],
        [
          560058,
          2391097,
          35353164,
          28297
        ],
        [
          24546,
          16046,
          3667,
          85398
        ]
      ],
      "class_names": [
        "soil",
        "bedrock",
        "sand",
        "big_rock"
      ],
      "pixel_accuracy": 0.9329344981563099,
      "mean_iou": 0.6820204997826486,
      "per_class_iou": {
        "soil": 0.9068237497692718,
        "bedrock": 0.8605569578798493,
        "sand": 0.8386806160654999,
        "big_rock": 0.12202067541597308
      },
      "per_class_precision": {
        "soil": 0.9658792084720944,
        "bedrock": 0.9144843518056852,
        "sand": 0.9024682736124688,
        "big_rock": 0.13025811234186385
      },
      "per_class_recall": {
        "soil": 0.9368348704363637,
        "bedrock": 0.9358689192520852,
        "sand": 0.9222737107219606,
        "big_rock": 0.6586455031351952
      },
      "per_class_support": {
        "soil": 80244892,
        "bedrock": 44722418,
        "sand": 38332616,
        "big_rock": 129657
      },
      "confidence": {
        "threshold": 0.6,
        "overall_low_confidence_fraction": 0.033842557133612707,
        "overall_mean_confidence": 0.9427140594482584,
        "per_class_low_confidence_fraction": {
          "soil": 0.03366716475859921,
          "bedrock": 0.03861718746960417,
          "sand": 0.028454802041165152,
          "big_rock": 0.08835620136205527
        },
        "per_class_mean_confidence": {
          "soil": 0.9414273652092257,
          "bedrock": 0.934035777304784,
          "sand": 0.9558517562549378,
          "big_rock": 0.8483274468915385
        },
        "per_class_pixel_count": {
          "soil": 80244892,
          "bedrock": 44722418,
          "sand": 38332616,
          "big_rock": 129657
        },
        "histogram_bin_edges": [
          0.0,
          0.05,
          0.1,
          0.15000000000000002,
          0.2,
          0.25,
          0.30000000000000004,
          0.35000000000000003,
          0.4,
          0.45,
          0.5,
          0.55,
          0.6000000000000001,
          0.65,
          0.7000000000000001,
          0.75,
          0.8,
          0.8500000000000001,
          0.9,
          0.9500000000000001,
          1.0
        ],
        "histogram_counts": [
          0,
          0,
          0,
          0,
          0,
          701,
          8813,
          57644,
          146339,
          600433,
          2290895,
          2426050,
          2583634,
          2840988,
          3020886,
          3196653,
          3887186,
          5704766,
          12033606,
          124630989
        ]
      },
      "num_images": 321
    },
    "masked-gold-min3-100agree": {
      "confusion_matrix": [
        [
          56646164,
          418129,
          3004726,
          0
        ],
        [
          859296,
          25288570,
          18522,
          26551
        ],
        [
          395336,
          989026,
          29240542,
          15001
        ],
        [
          6586,
          44,
          0,
          71068
        ]
      ],
      "class_names": [
        "soil",
        "bedrock",
        "sand",
        "big_rock"
      ],
      "pixel_accuracy": 0.9509895835563958,
      "mean_iou": 0.8261132551283625,
      "per_class_iou": {
        "soil": 0.9236253888925947,
        "bedrock": 0.9162479549921091,
        "sand": 0.8686216053499207,
        "big_rock": 0.5959580712788259
      },
      "per_class_precision": {
        "soil": 0.9782200825449163,
        "bedrock": 0.9472875645575147,
        "sand": 0.9062959435329824,
        "big_rock": 0.6310424436156988
      },
      "per_class_recall": {
        "soil": 0.9430179640523179,
        "bedrock": 0.9654727940228471,
        "sand": 0.954328742207262,
        "big_rock": 0.9146696182655925
      },
      "per_class_support": {
        "soil": 60069019,
        "bedrock": 26192939,
        "sand": 30639905,
        "big_rock": 77698
      },
      "confidence": {
        "threshold": 0.6,
        "overall_low_confidence_fraction": 0.02472605449425477,
        "overall_mean_confidence": 0.95601843132726,
        "per_class_low_confidence_fraction": {
          "soil": 0.028648128913175693,
          "bedrock": 0.02034510140309188,
          "sand": 0.020734202668056576,