{
  "exp_id": "001_dlv3plus_baseline",
  "weights": "ITERATION-2/experiments/001_dlv3plus_baseline/weights.pth",
  "arch": "smp.DeepLabV3Plus",
  "encoder": "tu-mobilenetv3_small_100",
  "confidence_threshold": 0.6,
  "variants": {
    "masked-gold-min1-100agree": {
      "confusion_matrix": [
        [
          81989373,
          6073741,
          995868,
          37167
        ],
        [
          2819134,
          55484811,
          535043,
          1176965
        ],
        [
          435737,
          4850737,
          39315242,
          172636
        ],
        [
          61406,
          150955,
          15621,
          154251
        ]
      ],
      "class_names": [
        "soil",
        "bedrock",
        "sand",
        "big_rock"
      ],
      "pixel_accuracy": 0.9108193385792533,
      "mean_iou": 0.6509095844088172,
      "per_class_iou": {
        "soil": 0.8872115639513674,
        "bedrock": 0.7804716453270443,
        "sand": 0.8487584563368868,
        "big_rock": 0.0871966720199706
      },
      "per_class_precision": {
        "soil": 0.9611247672340578,
        "bedrock": 0.8336028786192551,
        "sand": 0.9621521082271172,
        "big_rock": 0.10009675416072092
      },
      "per_class_recall": {
        "soil": 0.9202347567233237,
        "bedrock": 0.92450104058166,
        "sand": 0.8780750640455947,
        "big_rock": 0.4035522835547951
      },
      "per_class_support": {
        "soil": 89096149,
        "bedrock": 60015953,
        "sand": 44774352,
        "big_rock": 382233
      },
      "confidence": {
        "threshold": 0.6,
        "overall_low_confidence_fraction": 0.02969521794317784,
        "overall_mean_confidence": 0.9491447029498724,
        "per_class_low_confidence_fraction": {
          "soil": 0.02704087692948435,
          "bedrock": 0.032675595437099865,
          "sand": 0.0299370943436546,
          "big_rock": 0.15211140848644675
        },
        "per_class_mean_confidence": {
          "soil": 0.947814491010352,
          "bedrock": 0.948208018047155,
          "sand": 0.9541720044092008,
          "big_rock": 0.8173890280403525
        },
        "per_class_pixel_count": {
          "soil": 89096149,
          "bedrock": 60015953,
          "sand": 44774352,
          "big_rock": 382233
        },
        "histogram_bin_edges": [
          0.0,
          0.05,
          0.1,
          0.15000000000000002,
          0.2,
          0.25,
          0.30000000000000004,
          0.35000000000000003,
          0.4,
          0.45,
          0.5,
          0.55,
          0.6000000000000001,
          0.65,
          0.7000000000000001,
          0.75,
          0.8,
          0.8500000000000001,
          0.9,
          0.9500000000000001,
          1.0
        ],
        "histogram_counts": [
          0,
          0,
          0,
          0,
          0,
          2710,
          30831,
          136378,
          253576,
          660531,
          2285465,
          2399360,
          2480162,
          2781752,
          3226087,
          3907842,
          4865106,
          6595886,
          11944926,
          152698075
        ]
      },
      "num_images": 322
    },
    "masked-gold-min2-100agree": {
      "confusion_matrix": [
        [
          76772701,
          2826833,
          641097,
          4261
        ],
        [
          1506449,
          42193842,
          222524,
          799603
        ],
        [
          279381,
          1957633,
          36024715,
          70887
        ],
        [
          21323,
          17554,
          2698,
          88082
        ]
      ],
      "class_names": [
        "soil",
        "bedrock",
        "sand",
        "big_rock"
      ],
      "pixel_accuracy": 0.9489061720239474,
      "mean_iou": 0.6985892650477813,
      "per_class_iou": {
        "soil": 0.9356585932745491,
        "bedrock": 0.8519802284278319,
        "sand": 0.9190227999816831,
        "big_rock": 0.08769543850706088
      },
      "per_class_precision": {
        "soil": 0.9770023370112141,
        "bedrock": 0.8978203655462261,
        "sand": 0.9765168143565723,
        "big_rock": 0.09148211579785903
      },
      "per_class_recall": {
        "soil": 0.9567300682515717,
        "bedrock": 0.9434606599312229,
        "sand": 0.9397927602958275,
        "big_rock": 0.679346275172185
      },
      "per_class_support": {
        "soil": 80244892,
        "bedrock": 44722418,
        "sand": 38332616,
        "big_rock": 129657
      },
      "confidence": {
        "threshold": 0.6,
        "overall_low_confidence_fraction": 0.022923095875487853,
        "overall_mean_confidence": 0.9578073249114466,
        "per_class_low_confidence_fraction": {
          "soil": 0.021300844918577498,
          "bedrock": 0.027791475854458497,
          "sand": 0.020533714683078245,
          "big_rock": 0.054104290551223615
        },
        "per_class_mean_confidence": {
          "soil": 0.955229278153516,
          "bedrock": 0.9550200580800404,
          "sand": 0.9667470491673034,
          "big_rock": 0.8717755559142494
        },
        "per_class_pixel_count": {
          "soil": 80244892,
          "bedrock": 44722418,
          "sand": 38332616,
          "big_rock": 129657
        },
        "histogram_bin_edges": [
          0.0,
          0.05,
          0.1,
          0.15000000000000002,
          0.2,
          0.25,
          0.30000000000000004,
          0.35000000000000003,
          0.4,
          0.45,
          0.5,
          0.55,
          0.6000000000000001,
          0.65,
          0.7000000000000001,
          0.75,
          0.8,
          0.8500000000000001,
          0.9,
          0.9500000000000001,
          1.0
        ],
        "histogram_counts": [
          0,
          0,
          0,
          0,
          0,
          1209,
          17187,
          70784,
          140925,
          395365,
          1522176,
          1598666,
          1648055,
          1884142,
          2226399,
          2688894,
          3448134,
          4860272,
          9167528,
          133759847
        ]
      },
      "num_images": 321
    },
    "masked-gold-min3-100agree": {
      "confusion_matrix": [
        [
          58339531,
          1281952,
          447193,
          343
        ],
        [
          521812,
          25443275,
          21165,
          206687
        ],
        [
          102757,
          744275,
          29751243,
          41630
        ],
        [
          3902,
          37,
          0,
          73759
        ]
      ],
      "class_names": [
        "soil",
        "bedrock",
        "sand",
        "big_rock"
      ],
      "pixel_accuracy": 0.9711765630578832,
      "mean_iou": 0.761291505256128,
      "per_class_iou": {
        "soil": 0.9611522815852847,
        "bedrock": 0.9016298227841516,
        "sand": 0.9563775065165162,
        "big_rock": 0.2260064101385595
      },
      "per_class_precision": {
        "soil": 0.9893421689953138,
        "bedrock": 0.9262359663189106,
        "sand": 0.9845015160855367,
        "big_rock": 0.22876753541199496
      },
      "per_class_recall": {
        "soil": 0.9712083195498831,
        "bedrock": 0.9713791568025261,
        "sand": 0.9709965810925327,
        "big_rock": 0.9493037143813225
      },
      "per_class_support": {
        "soil": 60069019,
        "bedrock": 26192939,
        "sand": 30639905,
        "big_rock": 77698
      },
      "confidence": {
        "threshold": 0.6,
        "overall_low_confidence_fraction": 0.01456781839008611,
        "overall_mean_confidence": 0.9692116885020293,
        "per_class_low_confidence_fraction": {
          "soil": 0.01597976820630282,
          "bedrock": 0.016510785597599414,
          "sand": 0.010129992243774907,
          "big_rock": 0.01801848181420371
        },
        "per_class_mean_confidence": {
          "soil": 0.9636012476651058,